Title;ID;Description;Date;Hour;Class;Price;Categoria;Tipo;Área útil;Quartos;Banheiros;Vagas na garagem;Detalhes do imóvel;Detalhes do condominio;CEP;Município;Bairro;Logradouro;Link;Área construída;Tamanho;Condomínio;Acomoda;Características;IPTU
90m² - 03 quartos, s/ 02stes, varanda, 02vgs. ;772593301;Vendo excelente Apartamento completo de armários, 90m² com 03 quartos, sendo 02 suites, sendo 01 reversível, sala dois ambientes, varanda, wc social, cozinha, área de serviço, quarto e wc de empregada, 02 vagas de garagens.  Lazer com piscina, playground, salão de festas, brinquedoteca, salão de jogos, espaço com máquinas de academia.  Ligue e agende sua visita  Tels. 8299... ver número / 8298... ver número;03/12;07:31;professional;400000;Apartamentos;Venda - apartamento padrão;90m²;3;2;2;Armários embutidos, Varanda, Área de serviço, Churrasqueira, Quarto de serviço, Armários na cozinha;Elevador, Portaria, Permitido animais, Academia, Piscina, Salão de festas;57035552;Maceió;Jatiúca;Rua Doutor Roland Simon;https://al.olx.com.br/alagoas/imoveis/90m-03-quartos-s-02stes-varanda-02vgs-772593301;;;;;;
Casa em Paripueira, 03quartos, s/ 01suite, piscina e churrasqueira.;903700303;Oportunidade!!! Vendo casa em paripueira, com 03 quartos, sendo 01 suíte, sala, wc social, coxinha americana, despensa, vagas para dois carros.  Área de lazer com piscina, churrasqueira e wc de apoio.  Ligue e agende uma visita:  Tels. 8299... ver número / 8298... ver número  @maceioimoveisoficial;03/12;07:31;professional;0;Casas;Venda - casa em rua pública;;3;2;2;Área de serviço;;57935000;Paripueira;;;https://al.olx.com.br/alagoas/imoveis/casa-em-paripueira-03quartos-s-01suite-piscina-e-churrasqueira-903700303;;;;;;
Lançamento Qto e sala e dois quartos, em 120meses;648419387;Conheça o mais novo lançamento da V2 Construções, Ed. Liv - Quarto/sala e dois quartos entre 39m² e 66m², um excelente empreendimento que junta Inovação, Designe e Praticidade com uma área de lazer espetacular com:   Piscina, Lounge Gourmet, fitness, Praça na Cobertura, Lavanderia, Bicicletário, Coworking e uma excelente recepção com serviço de Concierge.   O empreendimento será construído em uma área Próximo ao Bompreço da Ponta Verde, paralelo a Sandoval Arroxelas.  E o mais fantástico, parcele em 120meses.   Ligue e agende uma visita no apartamento decorado: (82)9999... ver número/(82)9886... ver número/(82)9999... ver número;03/12;07:29;professional;0;Apartamentos;Venda - apartamento padrão;39m²;1;1;1;Academia, Varanda, Piscina;Condomínio fechado, Elevador, Segurança 24h, Academia, Piscina, Salão de festas;57035400;Maceió;Ponta Verde;Avenida Professor Victal Barbosa;https://al.olx.com.br/alagoas/imoveis/lancamento-qto-e-sala-e-dois-quartos-em-120meses-648419387;;;;;;
Casa no condomínio De lá Roche (nova);891017443;Linda casa recém construída em um condomínio fantástico com excelente área de lazer, campo de Futebol, igreja, piscina, academia, salão de festa, venha morar no nesse paraíso! Recebo carro e parcelo em até 30x + sinal! ;03/12;07:29;amateur;850000;Casas;Venda - casa em condominio fechado;;3;4;3;Área de serviço, Churrasqueira, Varanda, Quarto de serviço;Condomínio fechado, Segurança 24h, Área murada, Portão eletrônico, Academia, Piscina;57302600;Arapiraca;Canafístula;Rua Rita Leão de Melo;https://al.olx.com.br/alagoas/imoveis/casa-no-condominio-de-la-roche-nova-891017443;212m²;;;;;
Flexeiras 12 hectares a 500 metros da BR, apenas 120 mil;964654704;Oportunidade, propriedade 12 hectares em Flexeiras a 500 metros da BR, boa de água apenas 120 mil . Rasec & Lopes  Negócios Imobiliário CRECI: 2619/AL Júlio Rasec (82)9884... ver número Izaias Lopes (82)9935... ver número;03/12;07:20;professional;120000;Terrenos, sítios e fazendas;Sítios e chácaras;;;;;;;57995000;Flexeiras;;;https://al.olx.com.br/alagoas/terrenos/flexeiras-12-hectares-a-500-metros-da-br-apenas-120-mil-964654704;;120000m²;;;;
Aluga-se Apartamento Residencial Village da Alvorada;964654299;Alugo apartamento Residencial Village da Alvorada, 2/4.  Apartamento recém reformado!  Contato: 82 9885... ver número;03/12;07:17;amateur;700;Apartamentos;Aluguel - apartamento padrão;;2;1;1;Área de serviço, Churrasqueira;Condomínio fechado, Segurança 24h, Portaria, Salão de festas;57000000;Maceió;;;https://al.olx.com.br/alagoas/imoveis/aluga-se-apartamento-residencial-village-da-alvorada-964654299;;;R$ 160;;;
Casa Sol&Mar Tabuba com piscina ;655119568;Casa localizada na Praia de Tabuba, com três quartos, varanda com redes, chuveirão,churrasqueira, área verde com coqueiros , garagem para 04 carros , à 200 mts da praia com bares, restaurantes ,estacionamento, ficando entre às cidades de Paripueira e Barra de Santo Antônio ,perto de farmácia ,mercadinho, padaria e posto de combustível .  Aluguel por temporada, com valores sob consulta.;03/12;07:11;amateur;None;Temporada;Casa;;3;;4;;;57052855;Maceió;Gruta de Lourdes;Rua Francisco Leão;https://al.olx.com.br/alagoas/temporada/casa-sol-mar-tabuba-com-piscina-655119568;;;;12;Permitido animais, Varanda/Terraço, Internet, Fogão, Ventilador, Piscina, Geladeira, Estacionamento, Churrasqueira;
Alugo ;964629699;Edf. Suely Mendes  R$ 4.700,00  Incluso Condomínio e IPTU  Coração da Ponta Verde Completo de armários Completo de móveis  Completo de eletrodomésticos Direto com o proprietário  100m2 3 quartos, sendo 1 suíte Sala de estar e jantar  Varanda  WC social Cozinha  Quarto de serviço WC serviço 2 Vagas de garagem soltas e cobertas  Salão de festas Área para crianças Portaria eletrônica;03/12;07:09;amateur;4700;Apartamentos;Aluguel - apartamento padrão;100m²;3;3;2;Área de serviço, Armários embutidos, Armários na cozinha, Mobiliado, Ar condicionado, Varanda, Quarto de serviço;Condomínio fechado, Elevador, Segurança 24h, Permitido animais, Salão de festas, Portaria;57035210;Maceió;Ponta Verde;Rua General João Saleiro Pitão;https://al.olx.com.br/alagoas/imoveis/alugo-964629699;;;R$ 600;;;R$ 200
Casa a venda;964651861;Vendo casa na feirinha do Tabuleiro perto do Colégio margarez e perto da feira para mais informações WhatsApp 9880... ver número ;03/12;07:05;amateur;100000;Casas;Venda - casa em rua pública;;2;1;0;;;57060600;Maceió;Tabuleiro do Martins;Rua Santa Catarina;https://al.olx.com.br/alagoas/imoveis/casa-a-venda-964651861;;;;;;
Vendo casa de esquina lado da sombra no Novo jardim- Eustaquio Gomes Módulo 1;952544951;Vendo uma excelente casa totalmente nascente e o melhor de esquina situado no residencial Novo Jardim, eustaquio Gomes. Módulo I Casa com 2 quartos, sala, cozinha, wc social,  área de serviço, varanda, garagem e quintal. Rua aberta e excelente localização para quem buscar uma moradia tranquilina ou até mesmo montar seu próprio negócio. Aceito financiamento! Não alugo e nem aceito troca. Agendamento direto com os corretores responsáveis: Ligue 9870... ver número  Claudia simplicio Creci 3895 Juliarde Lisboa Creci 5141;03/12;06:59;professional;125000;Casas;Venda - casa em rua pública;;2;1;2;Área de serviço, Varanda;;57000000;Maceió;;;https://al.olx.com.br/alagoas/imoveis/vendo-casa-de-esquina-lado-da-sombra-no-novo-jardim-eustaquio-gomes-modulo-1-952544951;126m²;;;;;
VENDO EXCELENTE APT NA GRUTA;958763142;São 3/4 , 3 banheiros salas amplas, cozinha área  de serviço , ampla  Tratar Karine camelo 9971... ver número CRECI 4743;03/12;06:50;amateur;200000;Apartamentos;Venda - apartamento padrão;114m²;3;3;1;Área de serviço, Varanda, Piscina, Quarto de serviço, Armários na cozinha;Condomínio fechado, Segurança 24h, Portaria, Permitido animais, Elevador, Piscina, Salão de festas;57000000;Maceió;;;https://al.olx.com.br/alagoas/imoveis/vendo-excelente-apt-na-gruta-958763142;;;R$ 650;;;
CHÁCARA PARA FINAIS DE SEMANA E FERIADOS;815515558;*Aluguel por Temporada*  Chácara com 3000 metros quadrados, na cidade de Barra de Santo Antônio, Alagoas.  *Na região que o rio deságua no mar, muito bonito!!*  *A 400 metros do mar. *Piscina com deck  *Chuveirão  *Área de churrasco com banheiro de apoio. Playground. *Varanda de jogos, com totó, pingue-pongue e sinuca *Caramanchão  *Vários pés frutíferos  *Ampla área verde  *Banquinhos próximo as árvores  *Toda mobiliada  *TV a cabo  * Internet fibra ótica *Área de estacionamento para 6 Veiculos   *Casa com:* *2 salas para refeições *1 sala de estar *Cozinha bem equipada  *Varandas  *4 quartos (sendo 2 suítes) *3 camas de casal, 2 de solteiro e 2 *beliches (camas p 12 pessoas).  *Todos os quartos com ar condicionado   Rua residencial super tranquila  Toda a chácara tem cerca elétrica e circuito de segurança.   OBS. ALUGADA PARA RÉVEILLON OBS. ALUGADA PARA CARNAVAL      Com uma ligação, o mercadinho entrega de tudo no local. WhatsApp 82-9880... ver número *Não perca essa oportunidade!!*;03/12;06:30;amateur;None;Temporada;;;4;;5 ou mais;;;57052530;Maceió;Gruta de Lourdes;Rua Rita de Cássia;https://al.olx.com.br/alagoas/temporada/chacara-para-finais-de-semana-e-feriados-815515558;;;;12;Permitido animais, Varanda/Terraço, Internet, TV a cabo, Fogão, Ar condicionado, Máquina de lavar, Piscina, Geladeira, Roupa de cama, Estacionamento, Churrasqueira;
Salas/Lojas Comerciais na Avenida Jatiuca;964642535;Salas Comerciais na melhor localização da Avenida Jatiuca - Galeria Jatiuca CENTER (em frente a Incomel) ____________________________ NAO COBRAMOS CONDOMÍNIO  ISENCAO DE IPTU ISENÇÃO DE TAXA DE BOMBEIRO _____________________________ Salas/Lojas entre 16m2 e 23m3  Contato whatsapp Administração: 8299... ver número ;03/12;06:20;amateur;1550;Comércio e indústria;;;;;;;;57035700;Maceió;Jatiúca;Avenida Doutor Júlio Marques Luz - até 2014/2015;https://al.olx.com.br/alagoas/comercio-e-industria/salas-lojas-comerciais-na-avenida-jatiuca-964642535;;23m²;R$ 0;;;R$ 0
Apartamento no Coração  do Farol - Cobertura - Edifício Porto Ferrario;927440091;Vendo apartamento, no 15° andar do Edifício Porto Ferrario (Praça Gonçalves  Ledo). Apartamento todo reformado. Próximo  a Faculdades, Unimed, Farmácia, Unicompra, Palato (Unidade Parque Gonçalves Ledo).;03/12;06:18;amateur;380000;Apartamentos;Venda - apartamento cobertura;98m²;3;2;1;Área de serviço, Armários embutidos, Varanda, Quarto de serviço;Elevador, Segurança 24h, Portaria, Permitido animais, Academia, Piscina, Salão de festas, Condomínio fechado;57051150;Maceió;Farol;Rua Comendador Palmeira;https://al.olx.com.br/alagoas/imoveis/apartamento-no-coracao-do-farol-cobertura-edificio-porto-ferrario-927440091;;;R$ 380.000;;;
Duplex 370 mil;920472775;URGENTE Vendo:  casa localizada no Barro Duro: Com 04 Qtos e 03 WC todos com box blindex ,onde  01dos qtos possui suíte, o de casal possui suíte master com banheira, 01 WC social. 03 salas , TV, jantar e estar.Cozinha com pia e balcão em L, dispensa, e mesa de granito. Varanda , área de serviço, churrasqueira e uma pequena piscina. Rua fechada onde é pago apenas uma taxa para manutenção de apenas 25,00 reais. Taxa única de água , não importa o consumo de apenas 65,00 . água de posso (testada  sendo uma fonte mineral). Rua tranquila , monitorada por 10 câmeras. Conjunto onde possui uma capela onde se realiza missas e encontre religiosos.Bairro com Bancos, restaurantes,escolas, e comércio. Contato: Só ligue se tiver interesse (81) 9 9835... ver número. SOU A PROPRIETÁRIO ,ESTOU A DISPOSIÇÃO PARA QUALQUER DÚVIDA A RESPEITO DA CASA. LIQUE E MARQUE A SUA VISITA. (((ACEITO PROPOSTA)  QUERO VENDER . MOTIVO: ESTOU MORANDO EM OUTRO ESTADO.    ;03/12;06:07;amateur;370;Casas;Venda - casa em rua pública;;4;3;1;Área de serviço, Churrasqueira, Varanda;Área murada, Permitido animais, Portão eletrônico, Piscina, Condomínio fechado;57045075;Maceió;Barro Duro;Rua Francisco Tibúrcio da Silva Rizzo;https://al.olx.com.br/alagoas/imoveis/duplex-370-mil-920472775;250m²;;R$ 0;;;R$ 600
Apartamento Garden com 3 dormitórios à venda, 315 m² por R$ 7.139.813,00 - Jardim Paulista;964637735;Código do anúncio: GD0173  Apartamento Garden com área de 315m², possui 3 Dormitórios Suítes com porta balcão para acesso ao terraço, Living,  Cozinha Fechada, Despensa fechada com porta para área de serviço, 4 Banheiro sendo 3 suítes e 1 Social, 1 Lavabo, Terraço descoberto,  Terraço gourmet com churrasqueira á carvão, Depósito e 4 vagas para estacionamento. O Privilégio de morar em um endereço tranquilo e valorizado, no melhor de 3 bairros, Jardins, Itaim e Ibirapuera.   Ótima localização próximo ás Av. Brigadeiro Luís Antônio e Av. São Gabriel. -;03/12;06:04;professional;7139813;Apartamentos;Venda - apartamento padrão;316m²;3;4;4;Ar condicionado, Piscina, Academia, Área de serviço;Elevador, Piscina, Academia;57670000;Maribondo;;;https://al.olx.com.br/alagoas/imoveis/apartamento-garden-com-3-dormitorios-a-venda-315-m-por-r-7-139-813-00-jardim-paulista-964637735;;;;;;
Aluguel de casa na praia ;964635221;Alugo casa na praia em peroba-Maragogi  Casa muito  boa;03/12;05:59;amateur;300;Temporada;Casa;;2;;3;;;57955000;Maragogi;;;https://al.olx.com.br/alagoas/temporada/aluguel-de-casa-na-praia-964635221;;;;5;Varanda/Terraço, Permitido animais, Internet, TV a cabo, Fogão, Ar condicionado, Ventilador, Geladeira, Estacionamento, Churrasqueira;
às duas casas por 70 mil, entrego pronta!;964633798;Ligação e Zap. (82) 9911... ver número. 70 mil às duas, entrego pronta!;03/12;05:54;amateur;70000;Casas;Venda - casa em rua pública;;2;1;1;Área de serviço;Área murada;57100000;Rio Largo;;;https://al.olx.com.br/alagoas/imoveis/as-duas-casas-por-70-mil-entrego-pronta-964633798;150m²;;R$ 0;;;R$ 0
Ap Jatiuca temporada ;932983763; O apartamento de 45 metros quadrados, situado em edifício de alto padrão, localizado no coração da Jatiúca, a poucos metros da praia( acesso pelo corredor vera arruda), supermercado unicompra (ao lado- somente atravessar a rua), restaurantes, pizzarias, casa de show, caixa 24 hrs farmácias e etc?.   Possuí Wi-Fi em todo apartamento, TV smart de 50 polegadas na sala e 32 no quarto, plataforma now(tipo Netflix)!!  Capacidade para 4 pessoas. Sendo uma cama de casal queen, uma cama de solteiro e um sofá cama.  A sala e o quarto já estão com black out, cortinas e equipados com ar-condicionado ( sala e quarto) e um closet para acomodar as bagagens e roupas?  A cozinha está toda equipada com eletrodomésticos tipo: fogão, microondas, cafeteira, sanduicheira e etc.  O espaço também conta com uma pequena área de serviço.  Será cobrada a taxa de R$0,91 por kw consumido pelo período. Leitura do contador de energia no check-in e no check-out.  É permitido animais de estimação desde que seja de pequeno porte. ;03/12;05:40;amateur;None;Temporada;Apartamento;;1;;1;;;57010376;Maceió;Trapiche da Barra;Rua Ary Pitombo;https://al.olx.com.br/alagoas/temporada/ap-jatiuca-temporada-932983763;;;;4;Permitido animais, Internet, TV a cabo, Toalhas, Fogão, Ar condicionado, Piscina, Geladeira, Roupa de cama, Estacionamento, Churrasqueira;
ALTO PADRÃO à venda, Cruz das Almas, Maceió.;964631142;Código do anúncio: OT0016_GA  Encontrar o imóvel dos sonhos nunca foi tão fácil como na parceria entre a Arbo e a GA IMÓVEIS! Basta preencher o formulário com nome, telefone e e-mail e enviar. Pronto! Agora o corretor da GA IMÓVEIS entrará em contato para confirmar interesse e agendar uma visita. Se tiver alguma dúvida, é só entrar em contato com a Arbo pelo número anunciado ao lado. Lembre-se que o imóvel está sujeito à confirmação de disponibilidade e valores. Confira mais sobre o imóvel da GA IMÓVEIS: Descrição: Sala de estar e jantar, hall interno, varanda, 4 quartos suítes, 1 lavabo, hall social, deposito, 1 DCE, cozinha e área de serviço.  Localização: Beira Mar, Cruz Das Almas.    Área: 186 M2.  Revestimento: Cerâmica, vidro e Pastilha.   Vagas de garagem: 3 vaga da garagem.  Situação do imóvel: NOVO.  Condomínio: 1.096,27 (agua, gás, elevadores, sala de estudo, brinquedoteca, espaço mulher, salão de festa, piscina, churrasqueira, gerador, porteiro 24 horas, guarita de segurança, playground, portão automático, quadra poliesportiva, sauna, academia de musculação, praça,  bicicletário)  Valor: 1.700.000,00 Portaria 24 Horas Portão Eletrônico;03/12;05:10;professional;1700000;Apartamentos;Venda - apartamento padrão;186m²;1;1;3;;;57038230;Maceió;Cruz das Almas;Avenida Brigadeiro Eduardo Gomes;https://al.olx.com.br/alagoas/imoveis/alto-padrao-a-venda-cruz-das-almas-maceio-964631142;;;R$ 1.096;;;R$ 0
Ponto Comercial no Ponta da Barra, com vista da lagoa, 5 quartos, 2 suítes!;964631114;Código do anúncio: PT0001_GA  Encontrar o imóvel dos sonhos nunca foi tão fácil como na parceria entre a Arbo e a GA IMÓVEIS! Basta preencher o formulário com nome, telefone e e-mail e enviar. Pronto! Agora o corretor da GA IMÓVEIS entrará em contato para confirmar interesse e agendar uma visita. Se tiver alguma dúvida, é só entrar em contato com a Arbo pelo número anunciado ao lado. Lembre-se que o imóvel está sujeito à confirmação de disponibilidade e valores. Confira mais sobre o imóvel da GA IMÓVEIS: Ponto Comercial no Ponta da Barra, com vista da lagoa, 5 quartos, 2 suítes!Descrição: Em cima: Sala de estar e jantar, escada, 5 quartos, 2 suítes, varanda com vista da lagoa, cozinha com área de serviço.   Embaixo: Alugado para uma PADARIA, (PONTO COMERCIAL).    Localização: Pontal Da Barra.   Área: 6,50 X 28: 182 m²Valor: R$ 1.000.000,00    Revestimento: Cerâmica e Pastilha.   CRECI 5835 JGA IMÓVEISTelefones para contato: Fixo: Celular/ WhatsApp: www.gaimoveis.com Sol da manhã Armário Cozinha Varanda Despensa;03/12;05:10;professional;1000000;Comércio e indústria;;;;;;;;57010810;Maceió;Pontal da Barra;Avenida Alípio Barbosa da Silva;https://al.olx.com.br/alagoas/comercio-e-industria/ponto-comercial-no-ponta-da-barra-com-vista-da-lagoa-5-quartos-2-suites-964631114;;182m²;R$ 0;;;R$ 0
Na Praia da Avenida, centro de Maceió!!;964629771;Ótimo apartamento, não é a chave!! Não tem débito nenhum, iptu, condomínio, bombeiros e Equatorial tudo em dia!! Aceito veículo como parte do valor e aceito troca em imóvel!! Direto com proprietário, escriturado e Registrado, pronto pra transferir em cartório, Whatsapp ou ligações: 87 9884... ver número;03/12;04:33;amateur;57000;Apartamentos;Venda - apartamento padrão;44m²;1;1;1;Armários na cozinha;Condomínio fechado, Permitido animais;57022050;Maceió;Jaraguá;Avenida da Paz - até 1250 - lado par;https://al.olx.com.br/alagoas/imoveis/na-praia-da-avenida-centro-de-maceio-964629771;;;R$ 200;;;R$ 350
Apartamento na Jatiúca;964629729;Apartamento 3/4 sendo 2 suítes sala com varanda andar alto cozinha americana área de serviço nascente super ventilado  WC Social 89m2, 2 elevadores salão de festas 2 vagas no sub solo, perto de tudo Unicompra panetute padaria caixa econômica G Barbosa os melhores bares e restaurantes do Stella maris Harmony  Drogasil no EDF Estrela do mar. Mauro Lins corretor de imóveis CRECI 01659 (82 99924.5228 ligue e agende sua visita.;03/12;04:33;amateur;410000;Apartamentos;Venda - apartamento padrão;89m²;3;2;2;Área de serviço, Armários embutidos, Armários na cozinha, Mobiliado, Ar condicionado, Varanda;Condomínio fechado, Elevador, Segurança 24h, Portaria, Permitido animais, Salão de festas;57046410;Maceió;Serraria;Avenida Presidente Roosevelt;https://al.olx.com.br/alagoas/imoveis/apartamento-na-jatiuca-964629729;;;R$ 850;;;R$ 1.700
( Oportunidade) Apartamento na rua da lojas Americanas próximo ao shopping Pátio.;964629589;Condominio Village da Alvorada Apartamento de 2 quartos 2° andar Boa localização, perto das lojas americanas, Upa e Shopping Patio.  Valor de oportunidade para você que quer comprar seu Apartamento.  Aceita financiamento bancário. Informações: 82-9968... ver número também é whatsapp.  CRECI 5135;03/12;04:32;amateur;88000;Apartamentos;Venda - apartamento padrão;50m²;2;1;1;Churrasqueira;Condomínio fechado, Segurança 24h, Portaria, Permitido animais, Salão de festas;57085160;Maceió;Benedito Bentes;Avenida Antônio Lisboa de Amorim;https://al.olx.com.br/alagoas/imoveis/oportunidade-apartamento-na-rua-da-lojas-americanas-proximo-ao-shopping-patio-964629589;;;R$ 140;;;R$ 0
Casa temporada Barra São Antonio-AL;936261169;Casa com 2 quartos, sala, cozinha e área de serviços.  Sexta a domingo R$ 450,00  Natal / Ano Novo disponível / Carnaval   Falar com Ailto  Whatsapp  82-9886... ver número;03/12;04:30;amateur;180;Temporada;Casa;;2;;2;;;57925000;Barra de Santo Antônio;;;https://al.olx.com.br/alagoas/temporada/casa-temporada-barra-sao-antonio-al-936261169;;;;8;Permitido animais, Varanda/Terraço, Internet, Fogão, Ventilador, Piscina, Geladeira, Roupa de cama, Estacionamento, Churrasqueira;
Oportunidade excelente no Farol ;964628394;" Apt. maravilhoso no Edifício Dilma Paiva no Farol.  Sendo: 3/4 sendo 01 suíte, Nascente no 13 andar; 2 vagas no subsolo; Área de serviço cozinha americana; Quartos planejados.  Condomínio 330,00  Oportunidade imperdível!   CRECI - 4569  A.M - 59 ";03/12;04:14;professional;280000;Apartamentos;Venda - apartamento padrão;0m²;3;2;0;;Condomínio fechado, Elevador, Segurança 24h, Portaria, Piscina, Salão de festas;57055000;Maceió;Farol;Avenida Fernandes Lima - até 1497 - lado ímpar;https://al.olx.com.br/alagoas/imoveis/oportunidade-excelente-no-farol-964628394;;;R$ 330;;;
Belíssimo apt. na Gruta de Lourdes;964627741;"Apt. no Edifício Novittá, sendo: Sala de estar/jantar com varanda, 02 quartos, sendo 01 suíte e 01 suíte reversível, cozinha/ serviço.  Próximo do que é essencial!  Localização privilegiada, no bairro da Gruta de Lourdes, próximo do Hospital Artur Ramos, Supermercados, Extra, Faculdades, farmácias, colégios, restaurantes, pizzarias.  Condomínio: Piscina adulto e infantil; Academia; Salão de festas; Churrasqueira; Salão de jogos e sala de estudos; Playground.  Não perca esta grande oportunidade!   CRECI - 4569  A.M - 58   ";03/12;04:06;professional;250000;Apartamentos;Venda - apartamento padrão;0m²;2;2;1;Área de serviço, Armários embutidos, Armários na cozinha;Condomínio fechado, Elevador, Segurança 24h, Portaria, Academia, Piscina, Salão de festas;57052827;Maceió;Gruta de Lourdes;Rua Hugo Corrêa Paes;https://al.olx.com.br/alagoas/imoveis/belissimo-apt-na-gruta-de-lourdes-964627741;;;R$ 400;;;
Linda Casa Condominio fechado 400 m Serraria Vista do Vale;964626120;"Casa de primeiro andar 400 mil No condomínio VISTA DO VALE  Localização privilegiada,  na Serraria, perto de tudo.    A 10 minutos da praia.   Condomínio com área de lazer super completa( piscina salão de festas, parquinho, quadra).   Descrição:  * Casa com 3 quartos * Sendo 2 suítes * 1 quarto reversível * Sala estar e jantar estilo conceito aberto * toda a casa no piso porcelanato * cozinha * 3 banheiros * Área de serviço externa * vaga de Garagem * quintal em ""L"" com chuveirão e espaço para churrasqueira  * condomínio fechado  com portaria 24h,  monitoramento de câmeras,  ronda particular, coleta de lixo, manutenção dos jardins e das ruas e água inclusa no valor do condomínio.   Condomínio 380 . . 400 Mil . ou Stagrann Sobreira.imoveis Verifica lá várias opções  Direct ou whatsapp 82-99625.8041 . Tenho essa e outras casas Entra em contato Zzapi . . ";03/12;03:40;amateur;400000;Casas;Venda - casa em rua pública;;4;3;;Área de serviço, Armários na cozinha, Armários embutidos, Mobiliado, Ar condicionado, Churrasqueira, Varanda, Quarto de serviço;Condomínio fechado, Segurança 24h, Área murada, Permitido animais, Portão eletrônico, Academia, Piscina;57046832;Maceió;Serraria;Estrada Gerson Lopes;https://al.olx.com.br/alagoas/imoveis/linda-casa-condominio-fechado-400-m-serraria-vista-do-vale-964626120;;;;;;
Casa para alugar com 3 dormitórios em Tabuleiro dos martins, Maceio cod:34974;964625383;Código do anúncio: 34974 CASA C/ 3 QUARTOS, 250 M² LOCALIZADA NA RUA D, CONJUNTO MORADA DO BOSQUE N.08, BAIRRO TABULEIRO, COM 250 M², SALA DE ESTAR E JANTAR, UM WC SOCIAL, TRÊS QUARTOS, SENDO UMA SUÍTE, COZINHA , ÁREA DE SERVIÇO, VARANDA ESPAÇOSA, UMA GARAGEM COBERTA, QUINTAL ESPAÇOSO COM CHUVEIRÃO. PRÓXIMO A ESCOLAS, FARMÁCIAS E MUITO MAIS! PONTO DE REFERÊNCIA: POR TRÁS DA LOJA TUPAN, VIZINHO A DIVINAS GULOSEIMAS. . Valor do IPTU R$89.00;03/12;03:10;professional;1600;Casas;Aluguel - casa em rua pública;;3;;2;Varanda;;57062589;Maceió;Petrópolis;Rua Projetada 1049 (Cj Morada do Bosque);https://al.olx.com.br/alagoas/imoveis/casa-para-alugar-com-3-dormitorios-em-tabuleiro-dos-martins-maceio-cod-34974-964625383;250m²;;;;;R$ 89
Escritório para alugar em Antares, Maceio cod:34958;964625377;Código do anúncio: 34958 ;03/12;03:10;professional;1000;Comércio e indústria;;;;;1;;;57063059;Maceió;Santa Amélia;Rua Projetada (Lot Sta Amélia);https://al.olx.com.br/alagoas/comercio-e-industria/escritorio-para-alugar-em-antares-maceio-cod-34958-964625377;;18m²;;;;R$ 0
Vendo Casa no Eustáquio Gomes;964619411;VENDO CASA NO EUSTÁQUIO GOMES  CASA EM ÓTIMA LOCALIZAÇÃO, PROXIMO A ESCOLA E FARMÁCIA 2 QUARTOS 2 BANHEIROS COZINHA ESPAÇOSA SALA  VALOR: 100.000,00  MOTIVO: MUDANÇA DE CIDADE  ACEITO FINANCIAMENTO OU 15MIL DE ENTRADA+ PARCELAS  CONTATO (82)9882... ver número;03/12;01:31;amateur;100000;Casas;Venda - casa em rua pública;;2;2;;Área de serviço, Varanda;;57072300;Maceió;Cidade Universitária;Rua Soldado Adrião José da Silva;https://al.olx.com.br/alagoas/imoveis/vendo-casa-no-eustaquio-gomes-964619411;;;;;;
Vende-se terreno ;964618339;Localizado em matriz de camaragibe AL no conjunto cicero Cavalcante,  medindo 7×15;03/12;01:19;amateur;17000;Terrenos, sítios e fazendas;Terrenos;;;;;;;57910000;Matriz de Camaragibe;;;https://al.olx.com.br/alagoas/terrenos/vende-se-terreno-964618339;;;;;;
Vendo linda casa 3 quartos na Barra Nova!!!;964617804;"  Vendo excelente casa duplex com 93m², em condomínio fechado com ampla área de lazer, localizado na avenida principal na Barra Nova, a poucos metros da prainha, o local é muito aconchegante e excelente para você que deseja tranquilidade e sossego, a 15 minutos do centro de Maceió.  Pontos de referência: próximo a churrascaria O Costelão e ao famoso bar e restaurante PIERZERO8 na beira da lagoa.   O condomínio possuí:  * Piscina  * Churrasqueira  * Salão de festa com Wc  * Controle de acesso 24 hs.  * 1 (uma) vaga de garagem.  A casa possuí:  * 1 ( um) Varandão na porta de entrada e outro no quarto de casal;   * 3 (Três) quartos sendo 1 (um) suíte;  * Sala de estar e jantar;  * Banheiro social;  * Cozinha;  *Área de serviço.   Valor do condomínio: R$ 180,00  Valor do imóvel: R$ 265 Mil.    A vista ou financiado  Agende sua visita!!!  Diane Paz  82-98115/1001 whatspp! CRECI: 4902   ";03/12;01:10;professional;265000;Casas;Venda - casa em condominio fechado;;3;2;1;Área de serviço, Churrasqueira, Varanda;Condomínio fechado, Segurança 24h, Área murada, Permitido animais, Portão eletrônico, Piscina;57160000;Marechal Deodoro;;;https://al.olx.com.br/alagoas/imoveis/vendo-linda-casa-3-quartos-na-barra-nova-964617804;93m²;;R$ 180;;;R$ 0
Vendo Casa no Feitosa;964617771;Vendo casa no Feitosa  2/4,sala,cozinha,banheiro,Área de serviço, garagem, varanda. Reformada recentemente.  Obs.: A casa é somente no térreo com entrada independente.  Aceitamos financiamento.  (82) 9882... ver número Valor: 150 mil;03/12;01:08;amateur;150000;Casas;Venda - casa em rua pública;;2;2;;Área de serviço, Ar condicionado, Varanda;;57043495;Maceió;Feitosa;Rua Tucuruvi;https://al.olx.com.br/alagoas/imoveis/vendo-casa-no-feitosa-964617771;;;;;;
Condomínio Germano Santos 1º Andar Apartamento Reformado;956594582;"Apartamento todo reformado com piso do tipo A, sendo no banheiro e na cozinha até o teto, no Residencial Germano Santos. Com 6 moveis na cozinha de aço Itatiaia; Suporte de Microondas; Suporte de Televisão na Sala; Suporte para Rede na Sala; Grades nas três Janelas e na porta; Espelho no banheiro de 1x1,5m; Pia do banheiro de Mármore acompanhando o espelho; Mesa pequena de mármore na cozinha; Telas de proteção contra insetos nas janelas da cozinha, banheiro, sala e quartos.";03/12;00:47;amateur;115000;Apartamentos;Venda - apartamento padrão;52m²;2;1;1;Área de serviço, Armários na cozinha, Mobiliado;Condomínio fechado, Segurança 24h, Portaria, Permitido animais, Salão de festas;57061410;Maceió;Tabuleiro do Martins;Avenida Doutor Sebastião Correia da Rocha;https://al.olx.com.br/alagoas/imoveis/condominio-germano-santos-1-andar-apartamento-reformado-956594582;;;R$ 240;;;
Edifício Strauss. Jatiúca. Todo mobiliado. Casa inteligente com Alexa.;917976614;"(SEM CORRETOR). Seu quarto e sala, com varanda, todo comandado por inteligência artificial e Alexa, a apenas 100m da melhor e mais bonita praia de Maceió.   Não há NENHUM apartamento igual !!!  Tudo novinho em folha. Eletros comandados pela Alexa e móveis planejados por designer. Nascente (sem incidência solar da tarde). Duas quadras da praia. Melhor região de Maceió (melhor área nobre).  Alexa comanda com sua voz: - smart TV sala 55"" (com inteligência artificial e bluetooth) - smart TV quarto 32"" (fire stick amazon - controle com Alexa) - fechadura eletrônica na porta da sala (cartão tag, Alexa, código numérico e biometria) - super som tipo home theater (Alexa eco studio) - Alexa eco dot no quarto - 4 lâmpadas do pendente, painéis de led e fitas led em painéis de madeira todos com wi-fi e comandos pela Alexa - ar condicionado split com plug smart  - porteiro eletrônico com campainha, sensor de presença, infravermelho, viva voz e câmera - 2 tomadas da cozinha com plug smart (wi-fi e Alexa) - câmera xaiomi 360º (com função babá eletrônica, infravermelho, visão noturna e ultra sensor de presença [silhueta e luz]) - lava e seca LG com inteligência artificial e wi-fi e Alexa/google assistente  Todos estes eletros inclusos: - geladeira eletrônica - torre elétrica embutida (máquina lava louça, forno elétrico e micro-ondas - [linha fischer]) - máquina lava-roupa smart (lava e seca) - coifa depuradora touch (linha fischer) - detector de fumaça com wi-fi e aviso no celular por aplicativo - airfry midea - cama com colchão de molas ensacadas - ar condicionado split inverter 9000btus com plug wi-fi comandado pela alexa - cadeira de escritório tipo presidente (cavaletti) - sofá 2 lugares, retrátil, planejado sob medida - poltrona do papai, totalmente reclinável,  de couro legítimo, preta - mesa e duas cadeiras de varanda e mini churrasqueira - robô de limpeza midea, com controle remoto (limpa e passa, recarrega automaticamente, sobe tapete e mapeia ambiente de forma inteligente)  Móveis planejados também (conforme imagens). Padrão Finger (alemã).";03/12;00:27;amateur;500000;Apartamentos;Venda - apartamento padrão;45m²;1;1;1;Área de serviço, Armários embutidos, Armários na cozinha, Mobiliado, Ar condicionado, Churrasqueira, Varanda, Academia, Piscina;Condomínio fechado, Elevador, Segurança 24h, Portaria, Permitido animais, Academia, Piscina, Salão de festas;57035690;Maceió;Jatiúca;Avenida Hamilton de Barros Soutinho;https://al.olx.com.br/alagoas/imoveis/edificio-strauss-jatiuca-todo-mobiliado-casa-inteligente-com-alexa-917976614;;;R$ 500;;;R$ 1.200
Vende-se apartamento 3 quartos ;964614684;Apartamento localizado no condomínio Teotônio Vilela. Térreo. Três quartos, sendo um suíte. Possui varanda, garagem, água individualizada.  Observação: Pode ser financiado pela CAIXA.;03/12;00:26;amateur;95000;Apartamentos;Venda - apartamento padrão;;3;2;1;Área de serviço, Armários na cozinha, Varanda;Condomínio fechado, Segurança 24h, Portaria, Permitido animais, Salão de festas;57045000;Maceió;Barro Duro;Avenida Muniz Falcão;https://al.olx.com.br/alagoas/imoveis/vende-se-apartamento-3-quartos-964614684;;;R$ 80;;;
Benedito bentes1 ;964612874;Ótima oportunidade casa toda na cerâmica, 3/4 um banheiro dois canis ,rua calama e tranquila na av prtagy chuveirão com espaço para 3 carros;03/12;00:15;amateur;180000;Casas;Venda - casa em rua pública;;3;1;3;;Permitido animais;57084011;Maceió;Benedito Bentes;Rua Alice Uchôa Botelho;https://al.olx.com.br/alagoas/imoveis/benedito-bentes1-964612874;;;;;;
Apartamento à venda com 3 dormitórios em Mangabeiras, Maceio cod:V9565;964612586;02/12 - CRECI 468-J - Ref. Imovel: V9565 - APARTAMENTO COM 40mCARACTERISTICAS DO CONDOMINIO: Piscina Adulto, Piscina Infantil, Salao de Festa, Salao de Jogos.;03/12;00:13;professional;268000;Apartamentos;Venda - apartamento padrão;40m²;3;;1;;;57037440;Maceió;Mangabeiras;Rua Sara II (Lot Jussara);https://al.olx.com.br/alagoas/imoveis/apartamento-a-venda-com-3-dormitorios-em-mangabeiras-maceio-cod-v9565-964612586;;;;;;
Casa em arapiraca bom susseso. ;931054339;Casa bem localizada perto de tudo.  Portão elétrico cerca elétrica 2 quartos quintal grande. Toda forrada no gesso. Pronta pra morar vendo analiso trocas em carro. ;03/12;00:08;amateur;110000;Casas;Venda - casa em rua pública;;2;1;2;;Área murada, Permitido animais, Portão eletrônico;57308880;Arapiraca;Planalto;Rua Marciano Ferreira Albuquerque;https://al.olx.com.br/alagoas/imoveis/casa-em-arapiraca-bom-susseso-931054339;;;;;;
Linda casa condomínio águas mansas ! ;963026535;Casa incrível em terreno de 640 metros ! Piscina privativa com raia de 20 metros ! Quadra privativa beach tênis com tamanho oficial! 4 suítes sendo uma térrea ! Casa entregue com móveis planejados ! Previsão de entrega junho/2022 Aceitamos carros e imóveis como parte do pagamento !;02/12;23:59;amateur;1200000;Casas;Venda - casa em condominio fechado;;4;5 ou mais;3;Área de serviço, Armários na cozinha, Armários embutidos, Churrasqueira, Varanda;Condomínio fechado, Segurança 24h, Área murada, Permitido animais, Piscina, Academia;57935000;Paripueira;;;https://al.olx.com.br/alagoas/imoveis/linda-casa-condominio-aguas-mansas-963026535;260m²;;R$ 550;;;R$ 0
Repasso 2 Lotes Juntos em Condomínio Fechado;955398693;Código do anúncio: Lote Márcio  Repasso 2 Lotea Juntos    Condomínio Jardins Barnabe    Próximo ao Aeroporto    Lotes medindo 7.50 x 18 Cada    Condomínio Fechado com total segurança excelente área de lazer com Piscina , Salão de Festa , Churrasqueira e Playground para as Crianças.      Assumir Prestações de 319 de cada Lote .;02/12;23:59;professional;35000;Terrenos, sítios e fazendas;Terrenos;;;;;;;57100000;Rio Largo;;;https://al.olx.com.br/alagoas/terrenos/repasso-2-lotes-juntos-em-condominio-fechado-955398693;;0m²;;;;
VENDO CHAVE;938962998;VENDO CHAVE CASA TODA REFORMADA,MURADA, COZINHA REFORMADA, ÓTIMA LOCALIZAÇÃO DE ESQUINA PRÓXIMO A IGREJA, SUPERMERCADO, LOTÉRICA E UPA( CONDOMÍNIO RECANTOS DAS LAGOAS NA RUA PRINCIPAL);02/12;23:56;amateur;77000;Casas;Venda - casa em condominio fechado;;3;1;2;;Condomínio fechado, Segurança 24h, Área murada, Permitido animais, Portão eletrônico;57120000;Satuba;;;https://al.olx.com.br/alagoas/imoveis/vendo-chave-938962998;;;;;;
Casa alto padrão  jardim América  Antares;890970118;Excelente casa com 3 quartos e uma suíte Master com closet todos os matérias  de altíssima qualidade área de serviço  sala de estar cozinha toda equipada com piscina etc... mais informações: Cicero Minervino 82 9888... ver número obs: tem dce ;02/12;23:55;professional;800000;Casas;Venda - casa em condominio fechado;;3;4;2;Área de serviço, Armários na cozinha, Armários embutidos, Ar condicionado, Churrasqueira, Varanda, Quarto de serviço;Condomínio fechado, Segurança 24h, Área murada, Permitido animais, Portão eletrônico, Piscina;57083112;Maceió;Antares;Rua Governador Francisco Mello;https://al.olx.com.br/alagoas/imoveis/casa-alto-padrao-jardim-america-antares-890970118;250m²;;R$ 300;;;
Chalé | 2 quartos | Barra de São Miguel;944175478;Chalé Duplex com 2 quartos sendo 1 suíte, 2 banheiros sendo 1 em cada pavimento, varanda nos quartos, cozinha americana e área de serviço externa. Condomínio com água incluso, caseiro e 1 faxina por semana.;02/12;23:50;professional;230000;Casas;Venda - casa em condominio fechado;;2;0;1;;;57180000;Barra de São Miguel;;;https://al.olx.com.br/alagoas/imoveis/chale-2-quartos-barra-de-sao-miguel-944175478;79m²;;R$ 450;;;
Casa bairro cacimbas ;964609589;Casa solta de um lado 3 quartos  Garagem lateral  Com cacimba  Cozinha americana ;02/12;23:46;amateur;288000;Casas;Venda - casa em rua pública;;3;2;1;Área de serviço, Armários embutidos;Área murada;57304520;Arapiraca;Cacimbas;Rua Leite Neto;https://al.olx.com.br/alagoas/imoveis/casa-bairro-cacimbas-964609589;175m²;;;;;
Casa de condomínio fechado a 50m do mar com 2 quartos na Barra de São MIguel;964607651;"Código do anúncio: BSMIGDEZ21  A casa em condomínio  fechado com 10mcasas duplex, sobrado está localizado no Loteamento Barra Mar, a 50 metros do mar,  possui 60 metros quadrados com 2 quartos e 2 banheiros, toda mobiliada;   Possui jardim, espaço para festas, sacada.   Vai lhe possibilitar curtir os dias mais quentes na piscina, todo o conforto do ar condicionado nos dias mais quentes. Churrasqueira para você aproveitar nos momentos de descontração.   Tem privacidade por estar dentro de um condomínio fechado.   Será entregue com todos o s móveis em excelenete estado de conservaçao.";02/12;23:37;professional;285000;Casas;Venda - casa em condominio fechado;;2;2;1;Ar condicionado, Área de serviço, Armários embutidos, Armários na cozinha, Varanda, Mobiliado, Piscina;Condomínio fechado, Piscina, Permitido animais;57180000;Barra de São Miguel;;;https://al.olx.com.br/alagoas/imoveis/casa-de-condominio-fechado-a-50m-do-mar-com-2-quartos-na-barra-de-sao-miguel-964607651;60m²;;R$ 350;;;
Casa em condomínio fechado;964606445;Casa em condomínio fechado. A mesma fica em uma das ruas paralelas sem garagem. Possui box no banheiro, grades de segurança na parte traseira e portão lateral. Condomínio incluso. Contato: (82)9961... ver número;02/12;23:35;amateur;600;Casas;Aluguel - casa em condominio fechado;;2;1;0;Área de serviço, Varanda;Condomínio fechado, Segurança 24h, Área murada, Permitido animais, Portão eletrônico, Piscina;57072245;Maceió;Cidade Universitária;Avenida Doutor Manoel Valente de Lima (Lot Grand Jardim);https://al.olx.com.br/alagoas/imoveis/casa-em-condominio-fechado-964606445;44m²;;;;;
Apto com 71 m2 e 2/4 no Hotel Jatiuca By Slaveiro.;964606168;Código do anúncio: AP0808_GA  Encontrar o imóvel dos sonhos nunca foi tão fácil como na parceria entre a Arbo e a GA IMÓVEIS! Basta preencher o formulário com nome, telefone e e-mail e enviar. Pronto! Agora o corretor da GA IMÓVEIS entrará em contato para confirmar interesse e agendar uma visita. Se tiver alguma dúvida, é só entrar em contato com a Arbo pelo número anunciado ao lado. Lembre-se que o imóvel está sujeito à confirmação de disponibilidade e valores. Confira mais sobre o imóvel da GA IMÓVEIS: PÉ NA AREIA!NASCENTE!Descrição: Sala para dois ambientes, hall interno, varanda, 2 quartos, 1 suíte, 1 wc social.Localização: Cruz Das Almas.   Área: 71 M2.Revestimento: Pastilha, cerâmica e vidro.Vagas de garagem: 1 vagas. Situação do imóvel: Mobiliado. MEDIA do condomínio: 1.500,00 (agua, gerador, espaço mulher, elevadores, pracinha, academia de musculação, piscina, recepção 24 horas, guarita de segurança, playground, portão automático).Valor: 469.000,00Wagner Veloso Contatos: +55  (WhatsApp) Sala de estar Decorado Sacada com Skin Glass Restaurante Privado Elevador com Gerador Sala de Pilates Piscina com Raia Sala de Massagem Andar Alto Armário Suíte Portaria 24h Salão gourmet Sol da manhã Aquecimento Eletrico Armário Banheiro Portão Eletrônico Guarita Com Segurança Sauna Úmida Salão com Jogos Sauna tipo Seca Piscina Para Crianças Piscina Aquecida Circuito Interno TV Cerâmica Sala de Academia Gourmet;02/12;23:34;professional;469000;Apartamentos;Venda - apartamento padrão;71m²;2;2;1;Varanda, Mobiliado, Piscina, Ar condicionado;Salão de festas, Piscina;57038155;Maceió;Cruz das Almas;Travessa Professor Derval Macário dos Santos;https://al.olx.com.br/alagoas/imoveis/apto-com-71-m2-e-2-4-no-hotel-jatiuca-by-slaveiro-964606168;;;R$ 1.500;;;R$ 0
Apartamento p/ venda da chave ou aluguel. Res. Felicitá, Arapiraca;950780000;2 quartos sendo 1 suíte, cozinha com área de serviço, salas de estar e jantar.  Valor da prestação R$ 1,040.00  Contato: 82 9993... ver número;02/12;23:32;amateur;50000;Apartamentos;Venda - apartamento padrão;54m²;2;2;2;Área de serviço, Churrasqueira, Piscina;Condomínio fechado, Elevador, Segurança 24h, Portaria, Permitido animais, Piscina, Salão de festas;57314120;Arapiraca;Itapoã;Rua Né Marcelino;https://al.olx.com.br/alagoas/imoveis/apartamento-p-venda-da-chave-ou-aluguel-res-felicita-arapiraca-950780000;;;R$ 250;;;
