Title;ID;Description;Date;Hour;Class;Price;Categoria;Tipo;Área útil;Quartos;Banheiros;Vagas na garagem;Detalhes do imóvel;Detalhes do condominio;CEP;Município;Bairro;Logradouro;Link;Área construída;Condomínio;IPTU
Apartamento  à beira mar  no litoral Norte de Maceió .;1017012511;Apartamento com 02 qtos e 03 qtos (até 03 suítes) sala de estar e jantar confortável,varanda gourmet,cozinha com área de serviço e dependência completa ? Área 79m ,86m,99m ,102m ,115 e 130m. Com 22 itens para sua família curtir no dia a dia . Temos Calibrador elétrico para o seu carro. Ligue Verônica 82 9.9956... ver número ;14/08;06:54;professional;1116000;Apartamentos;Venda - apartamento padrão;130m²;3;4;2;Área de serviço, Varanda, Academia, Piscina, Quarto de serviço, Churrasqueira;Condomínio fechado, Elevador, Segurança 24h, Portaria, Permitido animais, Academia, Piscina, Salão de festas;57038670;Maceió;Jacarecica;Rua Fiscal Vera de Mello Queiroz;https://al.olx.com.br/alagoas/imoveis/apartamento-a-beira-mar-no-litoral-norte-de-maceio-1017012511;;;
CASA EM MARECHAL DEODORO ;1068342294;CASA LOCALIZADA NO CONDOMÍNIO PRÓXIMO AO CENTRO HISTÓRICO  CASA TODA NASCENTE  TODA NA LAGE  DOCUMENTAÇÃO PARA FINANCIAMENTO  PROJETO SUPER MODENO  CHURRASQUEIRA COM BANCADA NA GARAGEM ? PRÓXIMO DE TODO COMÉRCIO ;14/08;06:42;professional;260000;Casas;Venda - casa em condominio fechado;;2;2;1;;;57160000;Marechal Deodoro;;;https://al.olx.com.br/alagoas/imoveis/casa-em-marechal-deodoro-1068342294;74m²;;
APARTAMENTO À VENDA ANTARES;1071003374;Código do anúncio: FHQ7F8  APARTAMENTO À VENDA ANTARES  Valor: R$ 150.000,00 (ACEITA FINANCIAMENTO)   Condomínio Residencial Morada das Artes  Valor do condomínio: R$ 200,00 (inclusa água)   52 m²  Sala   Cozinha  2/4  1 WC social  1° andar  Área de serviço  1 vaga de garagem   Área externa:  Salão de Festa   Churrasqueira  Playground  Quadra esportiva  Permitido animais  Portaria 24h   Para maiores informações   WhatsApp:    *O valor e as condições apresentadas acima estão sujeitos a modificação sem aviso prévio, assim como a disponibilidade do imóvel.;14/08;06:31;professional;150000;Apartamentos;Venda - apartamento padrão;52m²;2;1;1;Churrasqueira;Salão de festas, Portaria;57048725;Maceió;Antares;Rua Projetada 928 (Lot Terra de Antares I);https://al.olx.com.br/alagoas/imoveis/apartamento-venda-antares-1071003374;;R$ 0;R$ 0
Quitinete para 3 pessoas ;1071002151;Diária ou temporada Lagoa do pau.entrada no posto de gasolina Sto expedito;14/08;06:03;amateur;None;Aluguel de quartos;;;;;;;;57230000;Coruripe;;;https://al.olx.com.br/alagoas/imoveis/quitinete-para-3-pessoas-1071002151;;;
FINANCIAMENTO CAIXA. Marechal. Cond. fechado.;803722212;Sua casa pronta para morar com 80 m2. Condomínio fechado, com piscina, área de lazer, churrasqueiras, salão de festas, playground e toda comunidade de estar a 5 minutos da praia do Francês. Contato Selma 9992... ver número ;14/08;05:53;amateur;249900;Casas;Venda - casa em condominio fechado;;3;2;1;Varanda, Área de serviço, Churrasqueira;Área murada, Condomínio fechado, Permitido animais, Segurança 24h, Piscina, Portão eletrônico;57160000;Marechal Deodoro;;;https://al.olx.com.br/alagoas/imoveis/financiamento-caixa-marechal-cond-fechado-803722212;80m²;R$ 200;R$ 70
Vendo chave no condomínio Bosque dos ipês ;1071000371;Vendo Chaves no bosque do ipês. São apartamentos de 2quartos. Sala, cozinha Área de serviço.  Condomínio incluso   piscinas, salão de festas, Quadra, água e gás canalizado INCLUSO.  Próx. De supermercado, farmácia, ponto de ônibus. Na rua da Coca Cola do Benedito bentes. Chave 42 mil. Com parcelas de 380 reais mensal.  Para maiores informações falar com Monica Cavalcante CRECI. 4995 Fone whats. 9887... ver número ;14/08;04:54;amateur;42000;Apartamentos;Venda - apartamento padrão;;2;1;1;Ar condicionado, Churrasqueira, Piscina;Condomínio fechado, Segurança 24h, Portaria, Permitido animais, Piscina, Salão de festas;57084079;Maceió;Benedito Bentes;Rua São Caetano (Alto da Alegria);https://al.olx.com.br/alagoas/imoveis/vendo-chave-no-condominio-bosque-dos-ipes-1071000371;;R$ 0;
Vendo casa no Clima Bom * monica;1070999867;Vendo casa no clima Bom , primeiro andar.  Casa de baixo . Garagem, Sala, cozinha, Área de serviço, 2 quartos um Suíte.  Casa de cima  2 Quartos, Sala, Cozinha Quintal. Varandas,Escada por fora.  Próx. De farmácia, supermercados, padarias, lojinhas, ponto de ônibus na porta. Casa na principal . Para maiores informações falar com  Monica Cavalcante CRECI 4995 Fone: 9887... ver número ;14/08;04:25;amateur;130000;Casas;Venda - casa em rua pública;;4;3;1;Varanda;Permitido animais;57071413;Maceió;Clima Bom;Rua São Luiz;https://al.olx.com.br/alagoas/imoveis/vendo-casa-no-clima-bom-monica-1070999867;;R$ 0;
Quarto disponível Rua da unit;1070996546;Quarto disponível mobiliado vaga para 1 menina. Quart0 grande suíte  Valor ja com as taxas do mês inclusas ;14/08;03:08;amateur;700;Aluguel de quartos;;;;;;;;57038160;Maceió;Cruz das Almas;Rua Rodolfo Abreu;https://al.olx.com.br/alagoas/imoveis/quarto-disponivel-rua-da-unit-1070996546;;;
Cobertura 5/4 210m porteira fechada (Baixou);917217152;"BAIXOU de R$ 1.990.00 para R$ 1.590.000 LEIA COM ATÊNÇÃO Chama WhatsApp 9980... ver número  COBERTURA 5/4 + dependência empregada completa 210 metros privativos ,03 vagas soltas, porteira fechada, reformada e mobiliada recentemente e na melhor localização da ponta verde, desocupada para entrar no outro dia. Água e gás incluído condomínio  Prédio Exclusivo Composto de apenas 21 apartamentos criando mais privacidade para o proprietário.  COMPOSIÇÃO ATUAL; PISO 1 - sala de estar e jantar, quarto de nº 01 transformado em gabinete, quarto nº 02 uma suíte com vista mar com ar-condicionado e iluminoteca pronta, Quarto nº 03 Suíte composta de armários + ar-condicionado Inverte + cama, cozinha + área de serviço dependência empregada com banheiro. PISO 2 - Quartos 04 suítes master com banheira, Quarto nº 05 foi transformado Sala Gourmet com banheiro integrada com acesso para o terraço, área externa composta de piscina, churrasqueira e deck.  COMPOSIÇÃO MOBÍLIA; 1-TODOS OS AMBIENTES CLIMATIZADOS com ar-condicionado tipo sprinter inclusive sala, gabinetes, Suítes e gourmet. 2- SALA ESTAR composta TV 70 polegadas, sofá Branco White, planejados em laca, cortinas, mesa para 6 lugares, paredes revestidas em madeira, Iluminoteca. 3- GABINETE com fácil Acesso para atendimento, decorado com planejados e cortinas, mesa em laca e cadeiras tipo presidente. 4- SUÍTES INFERIOR Com planejados + Cama Queen + cabeceira + Iluminoteca 5- SUÍTE MASTER cama KING ABSOLUT 2x2m, Cabeceira, tapete em pele tigre, TV SMART 70 polegadas, planejados, sofá 2,5m, mesa redonda 4 cadeiras, planejados, Iluminoteca. 5- SALA GOURMET composta de Mesa Cipó natural de 3 metros, mais 02 poltronas em couro envelhecido clássica + mesa redonda, composta de planejados tipos aparador, TV SMART 70 polegadas, Cervejeira Brastemp,Iluminoteca + banheiro FULL. 6- AREA EXTERNA composta de 01 piscina, jogo de sofá, guarda sol, churrasqueira e 02 espreguiçadeiras em alumínio. ";14/08;02:27;professional;1590000;Apartamentos;Venda - apartamento cobertura;210m²;5 ou mais;5 ou mais;3;Área de serviço, Armários embutidos, Armários na cozinha, Mobiliado, Ar condicionado, Churrasqueira, Varanda, Piscina, Quarto de serviço;Condomínio fechado, Elevador, Segurança 24h, Portaria, Permitido animais, Piscina, Salão de festas;57035060;Maceió;Ponta Verde;Rua Durval Guimarães;https://al.olx.com.br/alagoas/imoveis/cobertura-5-4-210m-porteira-fechada-baixou-917217152;;;
Aluguel Apt 3 quartos sendo 1 suíte + DCE na Ponta Verde;1070994484;Excelente apartamento para alugar na melhor localização da Ponta Verde. Próximo ao Palato da Dep José Lages. Sendo, 3 quartos sendo 1 suíte, varanda, cozinha, área de serviço,  Banheiro Social. Agende sua visita! ;14/08;02:15;amateur;3500;Apartamentos;Aluguel - apartamento padrão;;3;3;1;Área de serviço, Armários embutidos, Armários na cozinha, Varanda;Condomínio fechado, Elevador, Segurança 24h, Permitido animais;57035390;Maceió;Ponta Verde;Rua Doutor José Júlio Sauher;https://al.olx.com.br/alagoas/imoveis/aluguel-apt-3-quartos-sendo-1-suite-dce-na-ponta-verde-1070994484;;;
Casa Loteamento Colinas do Sonho Verde;1070994029;Código do anúncio: 575592  _Casa em Colinas do Sonho Verde / Praia de Sonho Verde_  Casa em lote de 11,50x25, com 3/4, sendo 01 suíte, totalmente nascente.  Vaga para 02 autos.   *_Loteamento com Piscina e salão de festas._*  *Localizado apenas 500 metros da praia.*  R$ 200.000,00 *( Somente à vista!)*;14/08;02:02;professional;200000;Casas;Venda - casa em condominio fechado;;3;1;2;;;57935000;Paripueira;;;https://al.olx.com.br/alagoas/imoveis/casa-loteamento-colinas-do-sonho-verde-1070994029;150m²;R$ 0;R$ 0
Casa Loteamento Colinas do Sonho Verde;1070994028;Código do anúncio: 575592  _Casa em Colinas do Sonho Verde / Praia de Sonho Verde_  Casa em lote de 11,50x25, com 3/4, sendo 01 suíte, totalmente nascente.  Vaga para 02 autos.   *_Loteamento com Piscina e salão de festas._*  *Localizado apenas 500 metros da praia.*  R$ 200.000,00 *( Somente à vista!)*;14/08;02:02;professional;200000;Casas;Venda - casa em condominio fechado;;3;1;2;;;57935000;Paripueira;;;https://al.olx.com.br/alagoas/imoveis/casa-loteamento-colinas-do-sonho-verde-1070994028;150m²;R$ 0;R$ 0
Casa para venda em Poço - Maceió - Alagoas;1070993604;Código do anúncio: 9df1a0  _Chegou ao mercado imobiliário o imóvel ideal para investimento de comércio ou moradia._  *Casa com 150m2 de área construída, com varanda, 2/4, Wc reversível, Wc social, quintal e área de serviço, toda lajeada.*  Próximo de Escolas, lojas, barbearias e muito mais.  *_R$ 320.000_*;14/08;01:51;professional;320000;Casas;Venda - casa em rua pública;;2;1;;;Permitido animais;57025040;Maceió;Poço;Avenida Professor Santos Ferraz - até 451/452;https://al.olx.com.br/alagoas/imoveis/casa-para-venda-em-poco-maceio-alagoas-1070993604;150m²;R$ 0;R$ 0
Vendo chave nos recantos prestação 370,00;1070988765;Vendo chave no condomínio Recanto dos vales Prestação 370,00 Condomínio 90,00 Água taxa  Casa toda reformada do precisa pintura  Valor R$ 73.000 mil  Falar 829... ver número Aline ;14/08;00:56;amateur;73000;Casas;Venda - casa em condominio fechado;;3;1;2;Área de serviço;Condomínio fechado, Segurança 24h, Área murada, Permitido animais;57120000;Satuba;;;https://al.olx.com.br/alagoas/imoveis/vendo-chave-nos-recantos-prestacao-370-00-1070988765;70m²;R$ 90;R$ 125
Apartamento proximo ao shopping Patio!!!!;1059504687;Condomínio localizado ao lado do Shopping, conta com 2 quartos, sendo 1 suíte, academia, elevador, churrasqueiras, piscina, quadra poliesportiva, acesso para deficientes, espaço gourmet, bicicletário, piscina para adulto, salão de festas, piscina infantil e fica a poucos metros do Shopping. ;14/08;00:38;amateur;220000;Apartamentos;Venda - apartamento padrão;54m²;2;2;1;Armários na cozinha, Churrasqueira, Varanda, Academia, Piscina, Área de serviço;Condomínio fechado, Elevador, Segurança 24h, Portaria, Permitido animais, Academia, Piscina, Salão de festas;57083060;Maceió;Antares;Avenida Enfermeira Noraci Pedrosa;https://al.olx.com.br/alagoas/imoveis/apartamento-proximo-ao-shopping-patio-1059504687;;R$ 380;R$ 70
Aluga se casa na Santa Lúcia;1070984890;Aluga-se casa na Santa Lúcia  Número: 9872... ver número Localizado na principal da Santa Lúcia  ;14/08;00:22;amateur;450;Casas;Aluguel - casa em rua pública;;2;1;0;;;57082000;Maceió;Santa Lúcia;Avenida Belmiro Amorim;https://al.olx.com.br/alagoas/imoveis/aluga-se-casa-na-santa-lucia-1070984890;;;
Casa 5 quartos no Murilopolis em Rua fechada com Guarita ;1028657214;Excelente casa no Murilopolis em Rua fechada com guarita!   100% nascente  5 quartos ,  sendo: 1 suíte,  e 2 quartos no pavimento superior, 1 quarto e 1 wc no térreo, Dce Varanda ligada aos quartos no pavimento superior,  Garagem coberta pra 2 carros , Gás canalizado,  Dispensa, Quintal,  Piscina com churrasqueira e 1 wc de apoio,   Luiz  82 9... ver número WhatsApp Creci 4851;14/08;00:06;professional;960000;Casas;Venda - casa em condominio fechado;;5 ou mais;5 ou mais;2;Área de serviço, Armários na cozinha, Armários embutidos, Churrasqueira, Varanda, Quarto de serviço;;57045430;Maceió;Barro Duro;Avenida Eraldo Lins Cavalcante - lado par;https://al.olx.com.br/alagoas/imoveis/casa-5-quartos-no-murilopolis-em-rua-fechada-com-guarita-1028657214;250m²;R$ 435;R$ 1.690
APTO NA GRUTA 3/4/VARANDA /400 MIL/ AC CAIXA E CARRO;1070982540;Código do anúncio: APTO GRUTA 3/4/VARANDA/ 400 MIL/ AC CAIXA E CARRO  VENDO UM APARTAMENTO NO BARRIO DA GRUTA DE LURDES.  SÃO 3 QUARTOS/ SALA/ COZINHA/ BANHEIRO E VARANDA.  PRIMEIRO ANDAR. APTO 95 M2 CONDOMÍNIO COM PISCINA E SALÃO DE FESTAS  ACEITO FINANCIAMENTO BANCÁRIO E CARRO PARTE DE PAGAMENTO  PREÇO:400.000,00;13/08;23:57;professional;400000;Apartamentos;Venda - apartamento padrão;95m²;3;3;2;;;57052850;Maceió;Gruta de Lourdes;Avenida Desembargador Barreto Cardoso;https://al.olx.com.br/alagoas/imoveis/apto-na-gruta-3-4-varanda-400-mil-ac-caixa-e-carro-1070982540;;R$ 0;R$ 0
Apartamento com 3 suítes na Ponta Verde;1054559864;"Código do anúncio: WM1029  Apartamento na Ponta Verde com 123,60m2, são 3 suítes, sendo a suíte master com closet, 1 das suítes reversível com o banheiro social, sala de estar, sala de jantar, varanda gourmet com bancada, cozinha, lavanderia, dependência completa de empregada e 3 vagas de garagem.  Área de Lazer/Comum: Piscina C/ilha, Raia Semi-olímpica 25m, Iluminação Em Led; Allure Gourmet (com Cozinha Base); Espaço Grill (cooktop, Churrasqueira, Forno de Pizza);Allure Fitness;Allure Kids (navio Pirata, Circuito P/ Carros Elétricos, Vila das Bonecas);Quadra Poliesportiva;Allure Games (c/3 Consoles de Play Station 4);Salão de Jogos Premium Com Equipamentos da 7 Ball;Allure Lounge;Churrasqueira á Gás; *energia Solar - Converte Energia Solar Em Energia Elétrica; *reaproveitamento de Água - Coleta Água Dispensada Pelos Splits e Também das Chuvas; *portaria Virtual - Monitoramento Digital; Automação da Irrigação dos Jardins; 100% Lampadas de Led; Piscina Tratada Com Ionização;  Mascara Solar;   Varanda Panorâmica;  Vidros de Segurança; Clausura p Automóveis;  Fachada Ativa;  Pilotis no Nível da Rua; Sala de Estudo (2 Cabines Individuais);Box Allure ( Mini Oficina, Elevador de Carro, Lava Jato/aspirador de Pó/ Calibrador de Pneus,Carregador Rápido para Carros Elétricos); Allure Bike; Chuveiros a Gás; Gerador Full;Triturador de Alimentos; Piso Epóxi nas garagens.  Valor: R$ 1.481.000,00; Previsão de Condomínio: R$450,00 com água e gás individualizados.  Corretora Waleska Morelatto, Tel./WHATSAPP: , CRECI/AL 5470.";13/08;23:56;professional;1480000;Apartamentos;Venda - apartamento padrão;124m²;3;4;3;Academia, Varanda, Churrasqueira, Piscina;Elevador, Portaria, Salão de festas, Permitido animais, Piscina, Academia, Condomínio fechado;57035260;Maceió;Ponta Verde;Avenida Doutor José Sampaio Luz;https://al.olx.com.br/alagoas/imoveis/apartamento-com-3-suites-na-ponta-verde-1054559864;;R$ 450;R$ 0
Casa para venda com 130 metros quadrados com 3 quartos em Ponta da Terra - Maceió - AL;1060785967;Código do anúncio: JAC-0015  Casa residencial na Ponta da Terra,  3/4, Suíte, 2 Salas Estar e Jantar, Cozinha, Área de Serviços, 2 Banheiros, 2 Vagas de Garagens Cobertas,  Hall e Quintal, 130 m², Posição da Casa Frente, Posição do Sol, Norte/Sul, Piso Cerâmica, Portas de Ferro com vidros e Forro de PVC. Entorno Praia, Ponto de ônibus, Colégio, Farmácias, Shopping de Bairros e Restaurantes. João Alexandre Cabral, Corretor de Imóveis, Creci-Ba  14.631, CNAI 17.718, Contato  .  e .;13/08;23:55;professional;320000;Casas;Venda - casa em rua pública;;3;2;2;Área de serviço, Armários na cozinha;Portão eletrônico, Permitido animais;57030590;Maceió;Ponta da Terra;Rua Regente Feijó;https://al.olx.com.br/alagoas/imoveis/casa-para-venda-com-130-metros-quadrados-com-3-quartos-em-ponta-da-terra-maceio-al-1060785967;130m²;R$ 0;R$ 85
Excelente oportunidade em Ponta Verde!;1070981798;Código do anúncio: REO713596  Prédio com 3 elevadores, com recepção 24 hs, localizado em frente a praia da Pajuçara ao lado de super-mercado, farmácia, cx eletrônico, restaurantes, feira do artesanato, saída de vans para passeios em praias de Alagoas (Maragogi, Gunga, Francês, Porto de Galinhas),cabine da Policia Militar e possuindo uma cobertura com vista para praia com piscina e churrasqueira. O condomínio oferece serviço de limpeza (superficial) 3 vezes na semana (agendar na recepção). Apartamento para venda com 60 metros quadrados com 2 quartos em Pajuçara - Maceió - AL O apartamento BEIRA MAR na melhor localização da Pajuçara, com 65 m2, possui 2 quartos sendo 1 suite e 2 banheiros 1 vaga de garagem Possui área de fitness, espaço gourmet, churrasqueira e piscina com vista espetacular do MAR Ainda tem a comodidade de está incluso no condomínio água, gás e 3 vezes na semana serviço de limpeza do piso e vidraças.  - Ref.: REO713596;13/08;23:55;professional;580000;Apartamentos;Venda - apartamento padrão;65m²;2;2;1;Churrasqueira, Piscina;Salão de festas, Piscina;57030170;Maceió;Pajuçara;Avenida Doutor Antônio Gouveia;https://al.olx.com.br/alagoas/imoveis/excelente-oportunidade-em-ponta-verde-1070981798;;R$ 670;R$ 0
Excelente oportunidade em Ponta Verde!;1070981793;Código do anúncio: REO713596  Prédio com 3 elevadores, com recepção 24 hs, localizado em frente a praia da Pajuçara ao lado de super-mercado, farmácia, cx eletrônico, restaurantes, feira do artesanato, saída de vans para passeios em praias de Alagoas (Maragogi, Gunga, Francês, Porto de Galinhas),cabine da Policia Militar e possuindo uma cobertura com vista para praia com piscina e churrasqueira. O condomínio oferece serviço de limpeza (superficial) 3 vezes na semana (agendar na recepção). Apartamento para venda com 60 metros quadrados com 2 quartos em Pajuçara - Maceió - AL O apartamento BEIRA MAR na melhor localização da Pajuçara, com 65 m2, possui 2 quartos sendo 1 suite e 2 banheiros 1 vaga de garagem Possui área de fitness, espaço gourmet, churrasqueira e piscina com vista espetacular do MAR Ainda tem a comodidade de está incluso no condomínio água, gás e 3 vezes na semana serviço de limpeza do piso e vidraças.  - Ref.: REO713596;13/08;23:55;professional;3500;Apartamentos;Aluguel - apartamento padrão;65m²;2;2;1;Churrasqueira, Piscina;Salão de festas, Piscina;57030170;Maceió;Pajuçara;Avenida Doutor Antônio Gouveia;https://al.olx.com.br/alagoas/imoveis/excelente-oportunidade-em-ponta-verde-1070981793;;R$ 670;R$ 0
MACEIó - Apartamento Padrão - Jatiúca;1061804167;Código do anúncio: IM1505  Espetacular oportunidade, um belíssimo imóvel nascente com móveis na cozinha e piso laminado localizado no bairro da Jatiúca  próximo corredor Vera Arruda, tendo suas adjacências  à loja de utilidades, supermercado, loja de construção, restaurantes, beach tennis, academia, centro médicos, escolas, hospital e a 10 minutos de dois shoppings, a 10 minutos da maravilhosa orla de jatiúca.;13/08;23:50;professional;395000;Apartamentos;Venda - apartamento padrão;73m²;3;2;1;Área de serviço;Salão de festas;57036550;Maceió;Jatiúca;Avenida Engenheiro Paulo Brandão Nogueira;https://al.olx.com.br/alagoas/imoveis/maceio-apartamento-padrao-jatiuca-1061804167;;R$ 650;R$ 0
Duas casas para venda! Temos conversa no valor!;1034048167;Excelente casa a venda na Pajuçara, a parte térrea possui 3 quartos 2 banheiros, 2 salas, cozinha completa de armários, quintal, a casa superior  está alugada como fonte de renda extra, possui 3 quartos 2 salas, banheiro, cozinha e uma área de serviço. Bem localizada a poucos minutos da praia de Pajucara, próximo ao centro de convenções, a polícia federal, a UPA e ao pólo de tecnologia do Estado de Alagoas, a poucos metros da estação do VLT em Jaraguá, perto de excelentes escolas, comércios e do centro da cidade, rua tranquila e com boa vizinhança. NÃO ACEITA FINANCIAMENTO, PORÉM TODA DOCUMENTAÇÃO ESTA OK. Contato: 82 ... ver número;13/08;23:38;amateur;490000;Casas;Venda - casa em rua pública;;5 ou mais;3;;Área de serviço, Armários na cozinha, Varanda;;57030081;Maceió;Pajuçara;Rua Doutor Zeferino Rodrigues - até 650 - lado par;https://al.olx.com.br/alagoas/imoveis/duas-casas-para-venda-temos-conversa-no-valor-1034048167;;R$ 0;
Edf Syrah - Com vista para o mar - 14º andar;1070979608;Vendo lindo apartamento com vista para o mar.  - 101 m2 - 14º pavimento  - 02 vagas de garagem soltas  - Valor do condomínio R$ 590,00 com água e gás incluso  - 03 quartos sendo 01 suíte master com closet  - móveis Planejados completos  - Todas as pedras de mármore e granitos personalizadas  - Sistema de câmera  - Sistema de Sonorização com Home Theater feito pela @UNIUMAUTOMACAO  - Sistema de aspiração central - Internet estruturada com Wi-Fi perfeito  - Sistema de som no WC master  - Infra estrutura para automação - iluminação planejada  - Ar condicionado cassete na sala  - Edf Syrah foi entregue em 2018, condomínio muito completo com Quadra, mini golfe, salão de festas, Espaço gourmet, sauna, piscina e playground (um verdadeiro resort para a criançada)   - Apartamento por ser no 14º pavimento, possui um pé direito maior de 2,80 metros. Então conseguimos colocar o ar condicionado de teto e ainda ter mais altura dos que os apartamentos em andares mais baixo. ;13/08;23:37;amateur;1000000;Apartamentos;Venda - apartamento padrão;101m²;3;3;2;Área de serviço, Armários embutidos, Armários na cozinha, Mobiliado, Ar condicionado, Varanda;Condomínio fechado, Elevador, Segurança 24h, Portaria, Permitido animais, Academia, Piscina, Salão de festas;57035856;Maceió;Jatiúca;Rua Arthur Bulhões;https://al.olx.com.br/alagoas/imoveis/edf-syrah-com-vista-para-o-mar-14-andar-1070979608;;R$ 590;
Vendo ou troco . ( leia a descrição);1055266917;Casa em Fernão velho Envio vídeo da casa.  Valor da venda R$135000 Não paga água  SEM MOBÍLIA    Wpp 829... ver número;13/08;23:33;amateur;135;Casas;Venda - casa em rua pública;;2;1;;Área de serviço;;57070090;Maceió;Fernão Velho;Rua da Praia;https://al.olx.com.br/alagoas/imoveis/vendo-ou-troco--leia-a-descricao-1055266917;;;
Apartamento com 3 dormitórios à venda, 76 m² por R$ 524.076,00 - Jatiúca - Maceió/AL;902636752;Código do anúncio: AP0306  DESCRIÇÃO APARTAMENTO: Sala de estar/jantar, varanda, 01(uma) suíte, 02 (dois) quartos sociais, wc social, cozinha, área de serviço, wc de serviço, 02 vagas soltas na garagem medindo 2,30m x 5,00m cada.  DESCRIÇÃO DO PRÉDIO: 01(um) Subsolo, 01(um) Pilotis, 02(dois) Pavimentos Garagem, 01(um) Pavimento Lazer, 10(dez) pavimentos-tipo sendo 8(oito) apartamentos por andar e 14º andar com 05(cinco) coberturas.  CONDOMINIO CLUB: LAZER, CONFORTO E SEGURANÇA Piscina c/ deck, lounge, chuveirão Espaço p/ prancha de surf, Espaço Zen/Yoga/Pilates prainha c/ borda infinita e espelho d'água. stand-up paddle e caiaque c/ compartilhamento. Praça Namorados/Babás Miniplayground Bicicletário c/ compartilhamento Espaço Mulher Minigolf Salão Festas Lavanderia Espaço Pet Espaço Gourmet Coworking Miniquadra Brinquedoteca Sala Estudo/Espaço Games Churrasco Gourmet Fitness Berçario Miniescalada Spa: massagem/sauna/ofurô Home e Sport Bar Sala de Jogos  ECONOMIA C/ PRESERVAÇÃO DO MEIO AMBIENTE, CONFORTO E SEGURANÇA Economia de energia através de energia solar fotovoltáica Wifi no pilotis e mezanino Gerador automático áreas comuns e cada apartamento c/ 1 Um ponto de recarga para carro elétrico. Sensor de presença com célular fotoelétrica nas áreas comuns. Um modulo de tomada USB na sala e nos quartos. Portas com madeiras de reflorestamento. Bacias com descarga seletiva. Lixeiras de coleta seletiva. Torneiras com aerador e redutor de vazão. Um ponto com calibrador de pneus. Utilização de lâmpadas e refletores de LED em todas as áreas Pré-disposição para medição de água e gás individualizados. Pré-disposição para portaria remota Elevadores com menor custo de energia (VVF) Reuso de águas pluviais e de split p/ jardins e limpeza. Monitoramento de câmeras das áreas comuns por aplicativo. Cofre guarda chave de apartamento na guarita. A portaria será entregue com a presença do porteiro. Em caso de locação do seu imóvel via Airbnb, Booking ou outros, será destinado 06 cofres (na clausura da guarita).  Registro de Memorial de Incorporação R-1-169.153. -;13/08;23:33;professional;524076;Apartamentos;Venda - apartamento padrão;76m²;3;3;2;Área de serviço, Churrasqueira, Piscina, Ar condicionado;Piscina, Elevador;57036630;Maceió;Jatiúca;Rua José Carneiro da Cunha Sarmento;https://al.olx.com.br/alagoas/imoveis/apartamento-com-3-dormitorios-a-venda-76-m-por-r-524-076-00-jatiuca-maceio-al-902636752;;R$ 0;R$ 0
Casa com 3 quartos e aproximadamente 170 m² na  Jatiúca - Maceió - AL;1013822680;"Código do anúncio: 4680  Queremos lhe apresentar esta ótima casa com 03 quartos e área útil de aproximadamente 170m², localizado na Jatiúca.  Código do anúncio: 4680 Tour virtual: https://www.banibconecta.com/site/tour/hape-imoveis/casa-na-jatiuca/autostart   Detalhes do imóvel:  - Aproximadamente 170 m² de área útil; - 3 quartos, sendo 2 suítes; - Sala estar/jantar; - Varanda; - Wc Social; - Cozinha; - Área de serviço; - Garagem para 2 carros.  Valor: R$ 860.000,00  Entre em contato e inicie um atendimento personalizado agora mesmo!  WhatsApp:  Site: www.hapeimoveis.com.br Instagram: @hapeimoveis  Você pode encontrar mais opções como está, que se encaixam exatamente no que está buscando, de forma simples!   Com a Hapê fica super fácil, basta nos dizer o que está procurando em um imóvel e encontramos a melhores opções para você! Mais segurança e menos preocupações na compra do imóvel ideal.   Já sabe em qual bairro ou quer morar? Temos diversas opções em diferentes regiões de Maceió:  Ponta Verde , Jatiúca , Pajuçara , Mangabeiras , Cruz das almas , Jacarecica , Garça torta , Ipioca , Antares , Serraria , Barro duro , Gruta de Lourdes , Farol , Feitosa e Poço.  Você pretende morar em um condomínio fechado? Temos diversas opções em diferentes regiões de Maceió:  San nicolas , Reserva do Vale , Jardim américa , Jardim Europa , Vert Paradiso , Monte Belo ,  Aldebaran , Jardim do Horto , Alamedas do Horto , Green Park , Atlantis , Laguna , Altavista , Mares do Sul , Porto Manguaba , Porto Monte , Enseada da Lagoa.   Com a Hapê você pode morar próximo aos principais pontos de referência da cidade: Corredor Vera Arruda, Amélia Rosa, Sandoval Arroxelas, Abdon Arroxelas , Praça do Skate, Maceió Shopping , Parque Shopping , Maikai , Divina Gula , Bodega do sertão , Massagueirinha , Whanchaco , Najuany , Selfit , Bluefit , Aquativ , Palato , Unicompra , G barbosa , Big bompreço, Super Bompreço, Escola SEB , Colégio Santa Úrsula , Colégio Anchieta , Colégio Marista , Colégio Montessori , Colégio Monteiro Lobato , Cesmac , Seune , Maurício de nassau , Fat , Arthur Ramos, Veredas, Unimed ,  Hospital Vida, Harmony, Unilab , Hospital da mulher , Moinho Motrisa , Sebrae , Centro de convenções , Senai , Senac , Ritz , Maceió mar hotel , Hotel Ponta Verde , Confort Hotel , Sete coqueiros , San Marino , Vistamar , Best Western , Brisa Suítes , Costamar , Hotel Jatiúca.";13/08;23:25;professional;860000;Casas;Venda - casa em rua pública;;3;3;2;;;57036550;Maceió;Jatiúca;Avenida Engenheiro Paulo Brandão Nogueira;https://al.olx.com.br/alagoas/imoveis/casa-com-3-quartos-e-aproximadamente-170-m-na-jatiuca-maceio-al-1013822680;170m²;R$ 0;R$ 750
Casa no Eustaquio;1061724222;Código do anúncio: 1BG8EF2  Vendo casa com 3 quartos, 2 salas, cozinha em L, quintal com área uma parte coberta, onde foi feito uma extensão da cozinha e outra parte descoberta com algumas plantas, possui varanda, piscina e garagem para 2 carros.  Rua asfaltada e tranquila.   Ithala 82.9.  Carlos 82.9.  Danniely 82.9.;13/08;23:24;professional;320000;Casas;Venda - casa em rua pública;;3;2;2;;;57072760;Maceió;Cidade Universitária;Avenida Doutor Fábio Wanderley;https://al.olx.com.br/alagoas/imoveis/casa-no-eustaquio-1061724222;180m²;R$ 0;R$ 0
Casa no Feitosa com 03 Quartos próximo ao Artemísia;1035088739;Código do anúncio: CA0236  Casa no Feitosa em excelente localização, muito arejada,  toda nascente, com 03 Quartos, cozinha, sala, garagem coberta para 2 carros, com quintal e área de serviço. Situada numa rua calçada, muito tranquila, próximo ao  Artemísia, padarias, farmácias, supermercados, igrejas, posto de combustível, várias escolas, posto de saúde e vários outros serviços. Tudo para o conforto de sua família! Agende já sua visita!!! -;13/08;23:20;professional;115000;Casas;Venda - casa em rua pública;;3;1;1;Área de serviço;;57043040;Maceió;Feitosa;Rua Desembargador Hélio Cabral;https://al.olx.com.br/alagoas/imoveis/casa-no-feitosa-com-03-quartos-proximo-ao-artemisia-1035088739;110m²;R$ 0;R$ 0
Casa ipioca;1070978634;Vendo, troco, parcelo com entrada,  chama que da negocio 6x20 ipioca 10,5m construida na laje. 2 quartos Sala Cozinha Wc social Área de serviço Quintal Zap 9999... ver número;13/08;23:20;amateur;50000;Casas;Venda - casa em rua pública;;2;1;;;;57000000;Maceió;;;https://al.olx.com.br/alagoas/imoveis/casa-ipioca-1070978634;120m²;;
Vendo ou troco casa ;1070978270;Vendo ou troco essa casa Medindo 5 de frente por 25 de fundo Área  2 quartos  Sala  Cozinha  Banheiro  Área de serviço  Quintal (10 metros) Casa toda reformada e pronta  Bem localizada próximo a supermercado, farmácia, colégio, posto de gasolina, ponto de ônibus. Etcs Rua asfaltada e tranquila.  Casa localizada no tabuleiro dos Martins  Próximo a feirinha do tabuleiro..  aceito carro como parte de pagamento  Mais informação zap e fone 829... ver número ou 9940... ver número;13/08;23:14;amateur;140000;Casas;Venda - casa em rua pública;;2;1;1;;;57060362;Maceió;Tabuleiro do Martins;Rua São José (Lot São Geraldo);https://al.olx.com.br/alagoas/imoveis/vendo-ou-troco-casa-1070978270;0m²;R$ 0;R$ 0
elegante Casa em  condomínio - Paripueira;987336084;Código do anúncio: E41690  imagine morar com a sua familia numa elegante casa em condomínio  fechado com areas verdes, piscina, playground..... a casa tem  piscina, cozinha gourmet, jardim, ampla garagem,com5 suites , escritório  ( suite)...a 300 mt da praia de Paripueira.;13/08;23:04;professional;3000000;Casas;Venda - casa em condominio fechado;;5 ou mais;5 ou mais;4;;;57935000;Paripueira;;;https://al.olx.com.br/alagoas/imoveis/elegante-casa-em-condominio-paripueira-987336084;650m²;R$ 650;R$ 0
O mais novo empreendimento em Jacarecica;1016706109;Código do anúncio: 1O0ETUU  Apartamento Beira Mar com até 03 Suítes em Jacarecica. Um Verdadeiro Resort com 03 Piscinas e Super Área de Lazer. Com uma Super Condição de Pagamento. Agende já sua Visita e busca mais Informações por Telefone. Temos Unidades com 79, 86, 99 e 130m2. Unidades Apartir de R$ 636.000,00. Consulte já os Valores de Lançamento para Outras Unidades;13/08;22:59;professional;636000;Apartamentos;Venda - apartamento padrão;132m²;3;1;2;Churrasqueira, Piscina, Academia;Piscina, Condomínio fechado, Portaria, Elevador, Salão de festas, Academia;57038640;Maceió;Jacarecica;Avenida General Luiz de França Albuquerque (Rodovia AL 101 Norte);https://al.olx.com.br/alagoas/imoveis/o-mais-novo-empreendimento-em-jacarecica-1016706109;;R$ 0;R$ 0
OPORTUNIDADE PRÓXIMO AO MAR;1047702460;"Código do anúncio: 1MH72IO  OPORTUNIDADE!  More bem, pagando menos, por um apartamento na ponta verde, que fica localizado a 01 quadra da praia de ponta verde-AL.  Um empreendimento único, que fica localizado a 70m do Banco do Brasil e 01 quadra da praia de ponta verde.  Um apartamento super aconchegante, com espaço privilegiado, com hall social em granito, com uma bela sala, 03 quartos, sendo 02 suítes; - WC social;  cozinha; - área de serviço; dependência completa de empregada, 02 vagas de garagens.  Edifício a UMA quadra do mar, com salão de festas e recepção.  Seus dias serão mais felizes aqui.  Medindo 188 metros quadrados.  ESSE VAI SER VENDIDO RAPIDAMENTE!  Condomínio R$1.850,00.  Se procura qualidade de vida. Esse é o lugar. ""Imóvel sempre será o melhor investimento!"" metro quadrado abaixo do valor de mercado.  Agende já sua visita.   .";13/08;22:57;professional;850000;Apartamentos;Venda - apartamento padrão;188m²;4;4;2;Ar condicionado;Condomínio fechado, Permitido animais, Portaria, Salão de festas;57035400;Maceió;Ponta Verde;Avenida Professor Victal Barbosa;https://al.olx.com.br/alagoas/imoveis/oportunidade-proximo-ao-mar-1047702460;;R$ 1.850;R$ 0
Apartamento NASCENTE no JTR com 3 dormitórios à venda, 95 m² por R$ 590.000 - Jatiúca - Ma;1057944811;"Código do anúncio: AP0111  Apartamento no JTR - Jatiúca.  São 95m² divididos entre: Varanda; Sala ampla com 2 ambientes; 3 quartos com ar-condicionado, sendo um suíte (com armário planejado); 3 banheiros; Cozinha com armários; DCE completa.  2 vagas de garagem cobertas.  A localização perfeita para morar ou investir: Esta acomodação fica a menos de 5 minutos a pé da praia de Jatiúca, 250 metros da Praia de Ponta Verde e a 1,8 km da Praia Cruz das Almas. Além de ser muito próximo de uma das mais tradicionais escolas de Maceió, farmácias, os melhores restaurantes, galerias, foodparks e o melhor do  lazer que a Jatiúca oferece.  A Torre desse apartamento dispõe de uma área de lazer completa na cobertura com piscina ao ar livre e churrasqueira, recepção 24h, playground, salão de festas e de jogos, sala de ginástica, além de restaurantes, academia e conveniências dentro do próprio condomínio. -";13/08;22:55;professional;590000;Apartamentos;Venda - apartamento padrão;95m²;3;3;2;Área de serviço;;57036850;Maceió;Jatiúca;Avenida Álvaro Otacílio - de 3315/3316 ao fim;https://al.olx.com.br/alagoas/imoveis/apartamento-nascente-no-jtr-com-3-dormitorios-a-venda-95-m-por-r-590-000-jatiuca-ma-1057944811;;R$ 935;R$ 0
Apartamento para venda com 286 metros quadrados com 4 quartos em Ponta Verde - Maceió - AL;1004341090;Código do anúncio: 12K1J4Q  Sabe aquele imóvel que impressiona em cada detalhe ?   Esse 4 suítes de altíssimo padrão a beira mar da praia de Jatiúca está prontinho para morar.  São 286,23 m2 de muito luxo e uma vista de tirar o fôlego . Um prédio super moderno com vários diferenciais de construção e um acabamento de altíssimo padrão.  Piscina Brinquedoteca Fitness Quadra poliesportiva  Sala multiuso  Salão de festas  Sala de motorista  E muito mais  E aí gostou ? Vamos agendar uma visita e conhecer todos os detalhes desse Fantástico empreendimento? Chama no nosso watsapp 82.9.  Valor dessa unidade :  R$ 5.251.100,00  (Financiamento direto em até 100 meses ) 82.9.;13/08;22:55;professional;5251100;Apartamentos;Venda - apartamento padrão;286m²;4;5 ou mais;4;Academia, Churrasqueira, Piscina;Piscina, Academia, Condomínio fechado, Salão de festas, Portaria;57035180;Maceió;Ponta Verde;Avenida Álvaro Otacílio - até 3308/3309;https://al.olx.com.br/alagoas/imoveis/apartamento-para-venda-com-286-metros-quadrados-com-4-quartos-em-ponta-verde-maceio-al-1004341090;;R$ 0;R$ 0
Apartamento para venda possui 160 metros quadrados com 3 quartos em Ponta Verde;1020153990;Código do anúncio: df7bc2  O apartamento no bairro Ponta Verde tem 160 metros quadrados com 3 quartos sendo 2 suites e 5 banheiros Possui salão para festas e eventos. Vai lhe possibilitar curtir os dias mais quentes na piscina.Elevador para mais praticidade no dia-a-dia. Está em um condomínio protegido por grades. Churrasqueira para você aproveitar nos momentos de descontração.;13/08;22:54;professional;1350000;Apartamentos;Venda - apartamento padrão;160m²;3;5 ou mais;3;Piscina, Churrasqueira;Salão de festas, Condomínio fechado, Piscina, Elevador, Permitido animais;57035330;Maceió;Ponta Verde;Rua Deputado José Lages;https://al.olx.com.br/alagoas/imoveis/apartamento-para-venda-possui-160-metros-quadrados-com-3-quartos-em-ponta-verde-1020153990;;R$ 790;R$ 0
Apto na Ponta Verde edf Pacoal I 267m2;1018968485;Código do anúncio: 8798... ver número  Venha viver no melhor de Maceió !!!  Excelente apartamento localizado na rua desportista Humberto Guimarães, Ponta verde. Próximo a supermercados, bancos, escolas, etc. A cinco quadras da praia desponta verde este apartamento e composto de quatro quartos sendo uma suíte e uma suíte master com varanda com vista para o mar e closets. Sala de star e jantar conjugadas e varanda, ampla cozinha, um banheiro social, dependência de empregados com banheiro, duas vagas de garagem. O prédio conta com área de lazer com espaço kids, salão de festas, dois elevadores.  Maiores informações entre em contato no fone  zap.  CRECI 2146.;13/08;22:53;professional;770000;Apartamentos;Venda - apartamento padrão;267m²;5 ou mais;4;2;Área de serviço, Armários na cozinha, Armários embutidos, Quarto de serviço, Varanda;Permitido animais, Condomínio fechado, Elevador, Salão de festas, Portaria;57035030;Maceió;Ponta Verde;Rua Desportista Humberto Guimarães;https://al.olx.com.br/alagoas/imoveis/apto-na-ponta-verde-edf-pacoal-i-267m2-1018968485;;R$ 0;R$ 0
Maceió - Apartamento Padrão - Jatiúca;1026288695;Código do anúncio: V5006  PORTUCALE I - EDF PORTUCALE I apartamento para venda. possui: -varanda -sala para 02 ambientes -04 Suites, sendo 01 master com closet -lavabo -gabinete -copa -cozinha com area de servico -02 DCE -06 vagas de garagem  -piso em granito -super area de lazer *Entre em contato conosco via celular ou Wats App, e agende uma visita com um de nossos corretores de plantao  - Bairro: Jatiuca Ref. Imovel: V5006 13/08;13/08;22:53;professional;5000000;Apartamentos;Venda - apartamento padrão;425m²;4;5 ou mais;5 ou mais;;;57036850;Maceió;Jatiúca;Avenida Álvaro Otacílio - de 3315/3316 ao fim;https://al.olx.com.br/alagoas/imoveis/maceio-apartamento-padrao-jatiuca-1026288695;;R$ 2.800;R$ 0
Apartamento para venda tem 94 metros quadrados com 3 quartos em Farol - Maceió - AL;1058663262;"Código do anúncio: 6446  Queremos lhe apresentar este ótimo apartamento com 03 quartos sendo 1 suíte, varanda e 98m², localizado no Farol.  Código do anúncio: 6446  Detalhes do imóvel:  - 98m² metros quadrados; - sala de estar e jantar; - varanda; - 03 quartos sendo 1 suíte; - wc social; - cozinha; - área de serviço; - wc de serviço; - 02 vagas na garagem.  Detalhes do condomínio:  - condomínio de 600,00 (incluso água e gás); - área de lazer com piscina adulto e infantil, churrasqueira, playground, salão de festas, sala de jogos, espaço gourmet e quadra esportiva.  VALOR: 740.000,00  Entre em contato e inicie um atendimento personalizado agora mesmo! WhatsApp: Site: www.hapeimoveis.com.br Instagram: @hapeimoveis  Você pode encontrar mais opções como está, que se encaixam exatamente no que está buscando, de forma simples!  Com a Hapê fica super fácil, basta nos dizer o que está procurando em um imóvel e encontramos a melhores opções para você! Mais segurança e menos preocupações na compra do imóvel ideal.  Já sabe em qual bairro ou quer morar? Temos diversas opções em diferentes regiões de Maceió: Ponta Verde , Jatiúca , Pajuçara , Mangabeiras , Cruz das almas , Jacarecica , Garça torta , Ipioca , Antares , Serraria , Barro duro , Gruta de Lourdes , Farol , Feitosa e Poço.  Você pretende morar em um condomínio fechado? Temos diversas opções em diferentes regiões de Maceió: San nicolas , Reserva do Vale , Jardim américa , Jardim Europa , Vert Paradiso , Monte Belo , Aldebaran , Jardim do Horto , Alamedas do Horto , Green Park , Atlantis , Laguna , Altavista , Mares do Sul , Porto Manguaba , Porto Monte , Enseada da Lagoa.  Com a Hapê você pode morar próximo aos principais pontos de referência da cidade: Corredor Vera Arruda, Amélia Rosa, Sandoval Arroxelas, Abdon Arroxelas , Praça do Skate, Maceió Shopping , Parque Shopping , Maikai , Divina Gula , Bodega do sertão , Massagueirinha , Whanchaco , Najuany , Selfit , Bluefit , Aquativ , Palato , Unicompra , G barbosa , Big bompreço, Super Bompreço, Escola SEB , Colégio Santa Úrsula , Colégio Anchieta , Colégio Marista , Colégio Montessori , Colégio Monteiro Lobato , Cesmac , Seune , Maurício de nassau , Fat , Arthur Ramos, Veredas, Unimed , Hospital Vida, Harmony, Unilab , Hospital da mulher , Moinho Motrisa , Sebrae , Centro de convenções , Senai , Senac , Ritz , Maceió mar hotel , Hotel Ponta Verde , Confort Hotel , Sete coqueiros , San Marino , Vistamar , Best Western , Brisa Suítes , Costamar , Hotel Jatiúca.";13/08;22:52;professional;740000;Apartamentos;Venda - apartamento padrão;94m²;3;3;2;Academia, Piscina, Churrasqueira, Varanda;Elevador, Permitido animais, Academia, Portaria, Piscina, Salão de festas;57051090;Maceió;Farol;Avenida Aristeu de Andrade;https://al.olx.com.br/alagoas/imoveis/apartamento-para-venda-tem-94-metros-quadrados-com-3-quartos-em-farol-maceio-al-1058663262;;R$ 600;R$ 0
Apartamento para venda tem 68 metros quadrados com 3 quartos em Ponta Verde - Maceió - AL;1064037755;"Código do anúncio: 6440  Queremos lhe apresentar este ótimo apartamento com 03 quartos sendo 1 suíte, móveis fixos e aproximadamente 68m², localizado na Ponta Verde.  Código do anúncio: 6440  Detalhes do imóvel:  - aprox. 68m² de área útil; - sala de estar/jantar; - móveis fixos; - wc social; - cozinha; - área de serviço; - nascente; - 01 vaga na garagem.  Detalhes do condomínio:  - condomíneo de 350,00 (incluso água e gás); - área de lazer com salão de festas, sala de jogos, academia, sala de estudos e brinquedoteca.  VALOR: 430.000,00  Entre em contato e inicie um atendimento personalizado agora mesmo! Site: www.hapeimoveis.com.br Instagram: @hapeimoveis  Você pode encontrar mais opções como está, que se encaixam exatamente no que está buscando, de forma simples!  Com a Hapê fica super fácil, basta nos dizer o que está procurando em um imóvel e encontramos a melhores opções para você! Mais segurança e menos preocupações na compra do imóvel ideal.  Já sabe em qual bairro ou quer morar? Temos diversas opções em diferentes regiões de Maceió: Ponta Verde , Jatiúca , Pajuçara , Mangabeiras , Cruz das almas , Jacarecica , Garça torta , Ipioca , Antares , Serraria , Barro duro , Gruta de Lourdes , Farol , Feitosa e Poço.  Você pretende morar em um condomínio fechado? Temos diversas opções em diferentes regiões de Maceió: San nicolas , Reserva do Vale , Jardim américa , Jardim Europa , Vert Paradiso , Monte Belo , Aldebaran , Jardim do Horto , Alamedas do Horto , Green Park , Atlantis , Laguna , Altavista , Mares do Sul , Porto Manguaba , Porto Monte , Enseada da Lagoa.  Com a Hapê você pode morar próximo aos principais pontos de referência da cidade: Corredor Vera Arruda, Amélia Rosa, Sandoval Arroxelas, Abdon Arroxelas , Praça do Skate, Maceió Shopping , Parque Shopping , Maikai , Divina Gula , Bodega do sertão , Massagueirinha , Whanchaco , Najuany , Selfit , Bluefit , Aquativ , Palato , Unicompra , G barbosa , Big bompreço, Super Bompreço, Escola SEB , Colégio Santa Úrsula , Colégio Anchieta , Colégio Marista , Colégio Montessori , Colégio Monteiro Lobato , Cesmac , Seune , Maurício de nassau , Fat , Arthur Ramos, Veredas, Unimed , Hospital Vida, Harmony, Unilab , Hospital da mulher , Moinho Motrisa , Sebrae , Centro de convenções , Senai , Senac , Ritz , Maceió mar hotel , Hotel Ponta Verde , Confort Hotel , Sete coqueiros , San Marino , Vistamar , Best Western , Brisa Suítes , Costamar , Hotel Jatiúca";13/08;22:52;professional;430000;Apartamentos;Venda - apartamento padrão;68m²;3;2;1;Academia;Academia, Salão de festas, Portaria, Elevador;57035285;Maceió;Ponta Verde;Rua Doutor José Corrêa Filho - até 112/113;https://al.olx.com.br/alagoas/imoveis/apartamento-para-venda-tem-68-metros-quadrados-com-3-quartos-em-ponta-verde-maceio-al-1064037755;;R$ 350;R$ 0
Apartamento no Farol para venda possui 167 metros quadrados com 4 quartos - Maceió - Alago;1005064108;Código do anúncio: fedfdf  O apartamento está localizado no bairro Farol com 167 metros quadrados com 4 quartos sendo 1 suite e 3 banheiros Vai lhe possibilitar todo o conforto do ar condicionado nos dias mais quentes.Está em um condomínio protegido por grades. Elevador para mais praticidade no dia-a-dia.;13/08;22:51;professional;300000;Apartamentos;Venda - apartamento padrão;167m²;4;3;1;Ar condicionado;Permitido animais, Condomínio fechado, Elevador;57051390;Maceió;Farol;Rua João Jucá;https://al.olx.com.br/alagoas/imoveis/apartamento-no-farol-para-venda-possui-167-metros-quadrados-com-4-quartos-maceio-alago-1005064108;;R$ 0;R$ 0
Casa Milagres a poucos passos da areia.;1063277747;Código do anúncio: 1LJ5EO8  Na Praia do Marceneiro, a 130,00 m da areia,  Rooftop e vista para o mar.  A 700,00 m do Bar de Praia e das melhores festas de Milagres. Acabamento rústico de alto padrão. Duas áreas de lazer individuais por unidade. Possibilidade de locação durante todo o ano. Apenas doze unidades duplex com 155,50 m² cada projetadas com foco no conforto, privacidade, segurança.  Léo Bianchini MRI;13/08;22:44;professional;1270000;Casas;Venda - casa em condominio fechado;;2;5 ou mais;1;Piscina, Ar condicionado, Churrasqueira, Porteiro 24h;Condomínio fechado, Permitido animais, Piscina, Portão eletrônico;57940000;São Miguel dos Milagres;;;https://al.olx.com.br/alagoas/imoveis/casa-milagres-a-poucos-passos-da-areia-1063277747;155m²;R$ 0;R$ 0
Alugo casa para fins Comerciais ;1070976285;Alugo casa na Jatiuca para fins Comerciais com 850mts quadrados ampla Descrição: 03 quartos, WC, sala, cozinha, dependência completa, garagem para uns 15 carros, área coberta com várias salas R$7.500 incluso iptu Tel:(82)... ver número ;13/08;22:44;amateur;7500;Casas;Aluguel - casa em rua pública;;5 ou mais;5 ou mais;5 ou mais;Área de serviço, Varanda, Quarto de serviço;;57037600;Maceió;Mangabeiras;Rua Paulina Maria Mendonça - de 1165/1166 ao fim;https://al.olx.com.br/alagoas/imoveis/alugo-casa-para-fins-comerciais-1070976285;850m²;;
Casa para venda tem 200 metros quadrados com 2 quartos em Antares - Maceió - AL;1028953782;Código do anúncio: Rique0001  A casa está localizado no bairro Antares possui 200 metros quadrados com 2 quartos sendo 1 suite e 2 banheiros Possui espaço jardinado.;13/08;22:44;professional;250000;Casas;Venda - casa em rua pública;;2;2;1;Porteiro 24h;Permitido animais;57083024;Maceió;Antares;Rua L (Cj Henrique Equelman);https://al.olx.com.br/alagoas/imoveis/casa-para-venda-tem-200-metros-quadrados-com-2-quartos-em-antares-maceio-al-1028953782;200m²;R$ 35;R$ 200
Apartamento para venda possui 96 metros quadrados com 3 quartos em Farol - Maceió - Alagoa;1057302368;Código do anúncio: JSF923-VIC  O apartamento está localizado no bairro Farol tem 96 metros quadrados com 3 quartos sendo 1 suite e 3 banheiros;13/08;22:44;professional;450000;Apartamentos;Venda - apartamento padrão;96m²;3;3;2;;;57050120;Maceió;Farol;Rua Manoel Maia Nobre;https://al.olx.com.br/alagoas/imoveis/apartamento-para-venda-possui-96-metros-quadrados-com-3-quartos-em-farol-maceio-alagoa-1057302368;;R$ 0;R$ 0
chave5min Shoping pátio ANTARES;1064440730;Código do anúncio: 09008... ver número20  O apartamento 2quartos sombra 4andar    Wagner zap   JESUS SALVA;13/08;22:44;professional;41998;Apartamentos;Venda - apartamento padrão;58m²;2;2;1;;;57046144;Maceió;Serraria;Rua Ailton Torres;https://al.olx.com.br/alagoas/imoveis/chave5min-shoping-patio-antares-1064440730;;R$ 0;R$ 0
QUARTO E SALA 119.999,00!!!!!BARRA DE SAO MIGUEL;1052796224;Código do anúncio: 459... ver número  O apartamento na BARRA DE SAO MIGUELcom 59 metros quadrados piscina  quarto e sala  só avista  piscina da para fazer renda. próximo a Praia   corretor Wagner miroro zap  JESUS SALVA;13/08;22:44;professional;119999;Apartamentos;Venda - apartamento padrão;59m²;1;2;1;;;57046144;Maceió;Serraria;Rua Ailton Torres;https://al.olx.com.br/alagoas/imoveis/quarto-e-sala-119-999-00--barra-de-sao-miguel-1052796224;;R$ 280;R$ 0
Paripueira - Casa de Condomínio - Centro;1021935830;Código do anúncio: 177316  Excelente oportunidade para você que quer uma casa pronta para morar. Obs: os móveis fixos ficam. Sala de visita, sala de jantar, 02 cozinhas , 03 quartos sendo 01 suíte, área de serviço, área de lazer com churrasqueira e forno para pizza , banheiro e chuveirão, dispensa, garagem para 02 carros, entorno de 196m de área construída Atendimento personalizado: agende sua visita! Hugo Brandao - Creci 6318;13/08;22:44;professional;680000;Casas;Venda - casa em condominio fechado;;3;2;2;Ar condicionado, Mobiliado, Piscina, Churrasqueira;Piscina;57935000;Paripueira;;;https://al.olx.com.br/alagoas/imoveis/paripueira-casa-de-condominio-centro-1021935830;190m²;R$ 300;R$ 0
Alugo casa mobiliada na cidade universitária ;1070975874;Ler descrição na foto. Contato  WhatsApp 82 ... ver número.;13/08;22:38;amateur;950;Casas;Aluguel - casa em condominio fechado;;2;1;2;;;57072245;Maceió;Cidade Universitária;Avenida Doutor Manoel Valente de Lima (Lot Grand Jardim);https://al.olx.com.br/alagoas/imoveis/alugo-casa-mobiliada-na-cidade-universitaria-1070975874;;;
Apartamento 3 quartos em Jatiúca - Maceió - AL, por R$395.000,00.;1065284068;Código do anúncio: VILLA  escrição Imóvel APARTAMENTO Espetacular oportunidade, um belíssimo imóvel nascente com móveis na cozinha e piso laminado localizado no bairro da Jatiúca próximo corredor Vera Arruda, tendo suas adjacências à loja de utilidades, supermercado, loja de construção, restaurantes, beach tennis, academia, centro médicos, escolas, hospital e a 10 minutos de dois shoppings, a 10 minutos da maravilhosa orla de jatiúca.  Mais Informações CARACTERÍSTICAS  Área de Serviço  Armários Embutidos  Banheiro Social  Copa  Cozinha  Salas: 2  INFRAESTRUTURA:  Circuito de TV  Condomínio Fechado  Elevador  Gás Central  Guarita  Interfone  Pilotis  Playground  Portaria  Portaria 24h  Salão de Festas  Sala de Jogos;13/08;22:37;professional;395000;Apartamentos;Venda - apartamento padrão;73m²;3;2;1;Mobiliado;Permitido animais, Salão de festas, Elevador;57036550;Maceió;Jatiúca;Avenida Engenheiro Paulo Brandão Nogueira;https://al.olx.com.br/alagoas/imoveis/apartamento-3-quartos-em-jatiuca-maceio-al-por-r-395-000-00-1065284068;;R$ 0;R$ 0
Quarto e Sala com 46m² a poucas quadras da Praia;923233862;Código do anúncio: AP0181  EDIFÍCIO GREEN TOWER  Apartamento sendo nascente, possuindo 46m², sendo localizado a pouco metros da Praia.  O imóvel possui varanda, sala, 1 quarto sendo reversível, wc social, cozinha/ área de serviço. Contendo 1 vaga na garagem.  O Condomínio oferece elevador, segurança 24h, portaria, permitido animais, churrasqueira, espaço grill, fitness, guarita, piscina, salão de festas, lavanderia e etc.  Valor imóvel: R$ 400.000,00 Valor condomínio: R$ 380,00 incluso água e gás  Localizado na R. José Alves Morgado, 69 - Jatiúca, Maceió - AL, 57036-620  Próximo a farmácias, pizzaria, sorveteria, bares, restaurantes, clínica, mercado, escola, praças e etc..  Paulo Henrique Creci: 4900 Instagram: @paulohenriquecorretor Site: www.phimoveismcz.com.br -;13/08;22:36;professional;400000;Apartamentos;Venda - apartamento padrão;46m²;1;1;1;Área de serviço, Piscina, Churrasqueira;Piscina, Elevador;57036620;Maceió;Jatiúca;Rua José Alves Morgado;https://al.olx.com.br/alagoas/imoveis/quarto-e-sala-com-46m-a-poucas-quadras-da-praia-923233862;;R$ 380;R$ 1.200
Casa à venda, 3 quartos, 1 suíte, 1 vaga, Poço - Maceió/AL;1019874546;Código do anúncio: 11491  Casa residencial na rua Pedro Américo. 03 quartos sendo 01 suíte Sala de estar Copa/cozinha WC social Quintal com área de cozinha  Despensa Garagem.;13/08;22:36;professional;480000;Casas;Venda - casa em rua pública;;3;2;1;Área de serviço;Condomínio fechado;57025890;Maceió;Poço;Rua Pedro Américo;https://al.olx.com.br/alagoas/imoveis/casa-a-venda-3-quartos-1-suite-1-vaga-poco-maceio-al-1019874546;100m²;R$ 0;R$ 0
Apartamento 02 Quartos com Suíte e Varanda na Jatiúca;925646080;Código do anúncio: LasB  Apartamento 02 Quartos com Suíte e Varanda na Jatiúca. Solicite já sua Simulação do Financiamento       Las Brisas;13/08;22:36;professional;393000;Apartamentos;Venda - apartamento padrão;63m²;2;1;1;Academia, Churrasqueira, Piscina;Academia, Piscina, Permitido animais, Salão de festas;57036610;Maceió;Jatiúca;Rua Estudante Jader Izídio Malta de Araújo;https://al.olx.com.br/alagoas/imoveis/apartamento-02-quartos-com-suite-e-varanda-na-jatiuca-925646080;;R$ 370;R$ 0
Apartamento com 2 dormitórios sendo 1 suíte - Praia do Francês;1002035141;Código do anúncio: AP0261  Residencial localizado na Praia do Francês, próximo a supermercado, churrascarias, restaurantes, posto de combustível, UPA e etc.  - Residencial Flamingo O mesmo contém 2 dormitórios sendo 1 suíte, sala conjugada a cozinha e área de serviço, banheiro social, 1 vaga na garagem, portão eletrônico.  - Pondendo ser financiada - 3° andar  Obs: não possui elevador  - Valor imóvel: R$ 220.000,00 - Valor condomínio: R$ 180,00 incluso água e gás encanado  Paulo Henrique Creci: 4900 Instagram: @paulohenriquecorretor Site: www.phimoveismcz.com.br -;13/08;22:36;professional;220000;Apartamentos;Venda - apartamento padrão;56m²;2;2;1;Área de serviço;;57160000;Marechal Deodoro;;;https://al.olx.com.br/alagoas/imoveis/apartamento-com-2-dormitorios-sendo-1-suite-praia-do-frances-1002035141;;R$ 180;R$ 0
Apartamento Padrão | Quarto e Sala | Jatiúca>;1046678619;Código do anúncio: 35608  Apartamento quarto e sala, excelente localização ao lado do Corredor Vera Arruda, a 4 quadras da praia, 2 quadras do GBarbosa, Harmony e Maikai. Conta com sala de estar e jantar, cozinha e área de serviço, 1 banheiro social e 1 quarto distribúidos em 44,66m². Móveis planejados em todos os cômodos. 1 Vaga de garagem.                                 Imóvel-Metragem: 44m²-Nº de quartos: 1-Nº de banheiros: 1-Nº de vagas: 1                                                                  Condomínio                                 -Piscina adulto com raia                                 -Piscina infantil                                 -Churrasqueira                                 -Salão de festas                                 -Salão de jogos                                 -Brinquedoteca                                 -Academia                                 -Bicicletário                                 -Coworking                                                                  More Maceió ImóveisCRECI 6177-JTelefone: Site: http://moremaceio.com.brInstagram: http://instagram.com/moremaceioimoveis;13/08;22:36;professional;415000;Apartamentos;Venda - apartamento padrão;44m²;1;1;1;;;57036670;Maceió;Jatiúca;Rua Marechal Antônio Guedes Muniz;https://al.olx.com.br/alagoas/imoveis/apartamento-padrao-quarto-e-sala-jatiuca-1046678619;;R$ 255;R$ 0
Apartamento com vista do mar na primeira quadra da Jatiúca;1045000973;Código do anúncio: AP70  Apartamento com vista do mar na primeira quadra da Jatiúca, 2 quartos, sendo 1 suíte, 78 m², varanda, 1 vaga de garagem. Área de lazer completa. Condomínio 470 reais, incluso água e gás.  Esse apartamento é pra você que deseja morar com praticidade, próximo à espaços de lazer, comércio e serviços em uma das orlas de praia urbana mais bonitas do planeta!   Entre em contato comigo e tire suas dúvidas.;13/08;22:35;professional;580000;Apartamentos;Venda - apartamento padrão;78m²;2;2;1;Piscina;Elevador, Portaria, Condomínio fechado, Piscina, Salão de festas;57035554;Maceió;Jatiúca;Avenida João Davino - até 697/698;https://al.olx.com.br/alagoas/imoveis/apartamento-com-vista-do-mar-na-primeira-quadra-da-jatiuca-1045000973;;R$ 470;R$ 0
Excelente oportunidade - Sobrado no Jacintinho - Maceió - AL;987607189;Código do anúncio: 4C7Q3N  No Térreo: sala de estar/jantar, cozinha, área de serviço. no 1º andar: 02 quartos, varanda, wc. social e sala de estar. no 2º pavimento: área de laser + wc. social.;13/08;22:35;professional;170000;Casas;Venda - casa em rua pública;;2;2;1;Área de serviço;Permitido animais;57040580;Maceió;Jacintinho;Rua Belo Monte;https://al.olx.com.br/alagoas/imoveis/excelente-oportunidade-sobrado-no-jacintinho-maceio-al-987607189;150m²;R$ 0;R$ 0
Apartamento com 3 quartos em Cruz Das Almas;1043740982;Código do anúncio: ERAP30012  - Cruz Das Almas- Maceió   - 3 quartos, sendo uma suíte   - 1 garagem   - 91 m2 total - 83 m2 útil    - Observação: O preço e características podem sofrer mudanças sem aviso prévio.     -Cód:ERAP30012 -Rev.13Ago;13/08;22:35;professional;270000;Apartamentos;Venda - apartamento padrão;83m²;3;1;;;;57038230;Maceió;Cruz das Almas;Avenida Brigadeiro Eduardo Gomes;https://al.olx.com.br/alagoas/imoveis/apartamento-com-3-quartos-em-cruz-das-almas-1043740982;;R$ 0;R$ 0
Apartamento para venda possui 162 metros quadrados com 4 quartos em Jatiúca - Maceió - Al;968961916;Código do anúncio: ondas  O apartamento no bairro Jatiúca enfrente ao corredor vera arruda possui 162 metros quadrados com 4 quartos sendo 3 suites ,  uma sendo master com banheira de hidromassagem ,wc social , DCE,  3 vagas . Ele é Nascente .;13/08;22:35;professional;1250000;Apartamentos;Venda - apartamento padrão;162m²;4;4;3;;;57036740;Maceió;Jatiúca;Rua Professor Sílvio de Macêdo;https://al.olx.com.br/alagoas/imoveis/apartamento-para-venda-possui-162-metros-quadrados-com-4-quartos-em-jatiuca-maceio-al-968961916;;R$ 1.300;R$ 0
MARECHAL DEODORO - Apartamento Padrão - FRANCES;997019140;Código do anúncio: IM1356  Oportunidade no litoral sul de Alagoas, espetacular apartamento à  2 km da praia do francês  tendo nas suas mediações academias, oficina de automóveis, loja de material de construção, lanchonete, restaurantes, supermercados, casa lotérica, academia, posto de combustíveis à 20 minutos da maravilhosa praia do Gunga e à 10 minutos da praia de Barra de são Miguel.;13/08;22:35;professional;420000;Apartamentos;Venda - apartamento padrão;64m²;2;2;1;Mobiliado, Área de serviço;Salão de festas;57160000;Marechal Deodoro;;;https://al.olx.com.br/alagoas/imoveis/marechal-deodoro-apartamento-padrao-frances-997019140;;R$ 350;R$ 0
Excelente Apartamento a venda 120 metros quadrados com 3 quartos em Ponta Verde - Maceió -;1048546231;Código do anúncio: AP87  O apartamento no bairro Ponta Verde possui 120 metros quadrados com 3 quartos sendo 1 suite e 3 banheiros Nascente Varanda Terceira quadra da praia perto do Supermercado  Bompreço,Farmácia,Restaurantes;13/08;22:35;professional;620000;Apartamentos;Venda - apartamento padrão;120m²;3;3;2;;Portaria, Salão de festas, Permitido animais, Elevador;57035360;Maceió;Ponta Verde;Rua Lourenço Moreira da Silva;https://al.olx.com.br/alagoas/imoveis/excelente-apartamento-a-venda-120-metros-quadrados-com-3-quartos-em-ponta-verde-maceio-1048546231;;R$ 920;R$ 0
Excelente Apartamento a venda, 114 metros quadrados com 3 quartos em Ponta Verde - Maceió ;1048546464;Código do anúncio: AP86  O apartamento está localizado no bairro Ponta Verde com 114 metros quadrados com 3 quartos sendo 1 suite e 2 banheiros Vista Permanente Para O mar Varanda Gourmet Predio tem Piscina e Salão de festas Perto de Galerias ,Farmácias ,Restaurantes;13/08;22:34;professional;650000;Apartamentos;Venda - apartamento padrão;114m²;3;3;1;Piscina, Varanda;Piscina, Salão de festas, Elevador;57035330;Maceió;Ponta Verde;Rua Deputado José Lages;https://al.olx.com.br/alagoas/imoveis/excelente-apartamento-a-venda-114-metros-quadrados-com-3-quartos-em-ponta-verde-maceio-1048546464;;R$ 1.050;R$ 0
Apartamento com 3 dormitórios à venda, 145 m² por R$ 585.000,00 - Ponta Verde - Maceió/AL;1053139628;Código do anúncio: AP0093  Apartamento totalmente reformado, projeto hidráulico, elétrico e iluminação planejada prontos para você morar. Apartamento na Ponta Verde com 145m2, são 3 quartos, sendo 2 suítes, 1 das suítes é reversível com o banheiro social, sala de estar, sala de jantar, varanda, cozinha americana com conceito aberto, lavanderia, dependência completa de empregada e 1 vaga de garagem coberta no subsolo. Móveis planejados: cozinha. Área de Lazer: salão de Festas. Condomínio: com água e gás inclusos. -;13/08;22:33;professional;585000;Apartamentos;Venda - apartamento padrão;145m²;3;3;1;Área de serviço;;57035000;Maceió;Ponta Verde;Avenida Engenheiro Mário de Gusmão;https://al.olx.com.br/alagoas/imoveis/apartamento-com-3-dormitorios-a-venda-145-m-por-r-585-000-00-ponta-verde-maceio-al-1053139628;;R$ 1.530;R$ 0
Apartamento com 3 dormitórios à venda, 164 m² por R$ 1.200.000 - Ponta Verde - Maceió/AL;1012305327;Código do anúncio: AP0071  Mais uma opção para você que busca morar próximo ao mar e cercado de conveniências,  tais como: restaurantes, supermercados, barzinhos, panificações, salão de beleza, bancos e tudo mais que uma familia precisa para morar bem. Primeira quadra da praia, 3 suítes, mais gabinete, duas vagas de garagem no subsolo Lazer no Pilotis Piscinas, churrasqueira, salão de festas, brinquedoteca, play ground, sala de jogos, sala de ginástica e campinho de futebol. Condomínio com agua e gás individualizados. -;13/08;22:33;professional;1200000;Apartamentos;Venda - apartamento padrão;164m²;3;3;2;Churrasqueira, Piscina;Piscina;57035220;Maceió;Ponta Verde;Rua Hélio Pradines;https://al.olx.com.br/alagoas/imoveis/apartamento-com-3-dormitorios-a-venda-164-m-por-r-1-200-000-ponta-verde-maceio-al-1012305327;;R$ 800;R$ 0
Apartamento para venda possui 72 metros quadrados com 2 quartos em Jacarecica - Maceió - A;1042888602;Código do anúncio: NSV1JU  Edifício Evolution Sea Park Excelente apartamento,andar alto,equipado com móveis planejados de primeira linha, composto por 72 m² , varanda com linda vista para o mar, 2 suítes, sendo 1 reversível com WC social, cozinha, área de serviço, WC serviço e 1 vaga de garagem ,ar condicionado split nos quartos, chuveiros com aquecimento a gás.  Valor R$ 787.500,00 Condomínio R$ 480,00   O empreendimento tem  duas torres, com 20 andares cada. Área de lazer com mais de 30 itens, todos equipados e decorados.   Um espetáculo de empreendimento! Além disso, o Evolution Sea Park está a apenas 9 km do centro de Maceió e é pertinho do Parque Shopping.   Empreendimento com um terreno com mais de 10 mil m²  composto por 2 guaritas de segurança, sendo uma na praia e outra nos fundos, 2 torres cada uma composta de 20 pavimentos, Torre A com 6 apartamentos por andar e Torre B com 4 apartamentos por andar, ambas as torres com ampla recepção decorada e 3 elevadores, gerador com 1 ponto de energia e iluminação por apartamento, sala de motorista, ampla área de lazer com mais de 30 itens entregues equipados e decorados com amplo clube social com piscinas sendo 1 adulto com hidromassagem, 1 infantil e 1 com prainha e raia com borda infinita para a praia de Jacarecica, salão de festas, espaço gourmet, brinquedoteca, parque infantil, espaço kids com lan house, recanto da leitura, espaço para massagem, espaço zen, praças, casa da boneca, academia equipada, sala de ginástica e balé, gazebos e uma ampla área com caminhada.;13/08;22:31;professional;798900;Apartamentos;Venda - apartamento padrão;72m²;2;2;1;Piscina, Ar condicionado, Academia, Churrasqueira;Condomínio fechado, Portaria, Elevador, Salão de festas, Academia, Permitido animais, Piscina;57038640;Maceió;Jacarecica;Avenida General Luiz de França Albuquerque (Rodovia AL 101 Norte);https://al.olx.com.br/alagoas/imoveis/apartamento-para-venda-possui-72-metros-quadrados-com-2-quartos-em-jacarecica-maceio-a-1042888602;;R$ 480;R$ 0
98m² NASCENTE, 3 quartos + 1 DCE em Ponta Verde - Maceió - AL;1064384743;Código do anúncio: 850  ------CONTATO PELO WHATSAPP ----------  Apartamento NASCENTE com 98m², varanda, área de serviço com DCE, 3 (três) quartos sendo 01 suíte. Sala para dois ambientes.  Os quartos são grandes, ótimo pra quem quer espaço e conforto e não em uma das áreas mais valorizadas de Maceió que é a Ponta Verde. O apartamento fica próximo a farmácias e supermecados e a 500 metros da orla.;13/08;22:30;professional;630000;Apartamentos;Venda - apartamento padrão;98m²;3;3;2;Ar condicionado, Piscina, Mobiliado, Churrasqueira;Elevador, Piscina, Salão de festas, Permitido animais;57035400;Maceió;Ponta Verde;Avenida Professor Victal Barbosa;https://al.olx.com.br/alagoas/imoveis/98m-nascente-3-quartos-1-dce-em-ponta-verde-maceio-al-1064384743;;R$ 850;R$ 1.645
Apartamento quarto e sala mobiliado com vista para o mar na Ponta verde - EDF TIME;1063625027;Código do anúncio: Time  Localização do Imóvel:  - Edifício TIME - R. Durval Guimarães 532 - Ponta Verde, Maceió - AL, 57035-060  Descrição e Diferenciais do Imóvel:  - Apto: Quarto e sala ! Varanda com Vista pro mar! 1 vaga de garagem Apto mobiliado! 41m andar alto  Valores:  - R$ 3.500  Contrato anual  Contato:  - Telefone:  [ULTIMA FOTO DO ANUNCIO - Teogenes Lopes CRECI: 1145;13/08;22:30;professional;3500;Apartamentos;Aluguel - apartamento padrão;31m²;1;1;1;;;57035060;Maceió;Ponta Verde;Rua Durval Guimarães;https://al.olx.com.br/alagoas/imoveis/apartamento-quarto-e-sala-mobiliado-com-vista-para-o-mar-na-ponta-verde-edf-time-1063625027;;R$ 0;R$ 0
Casa no Villa de la Roche em Arapiraca à venda - 4/4;1055586410;Código do anúncio: Vila de la roche  Localização do Imóvel:  - Condomínio Villa de la Roche - R. Rita Leão de Melo, 13 - Canafistula, Arapiraca - AL, 57302-600  Descrição do Imóvel:  - Excelente Casa de condomínio nova com 4/4, sala ampla com pé direito alto. 3 vagas. Arquitetura moderna  Valores:  - R$ 870.000 - Aceito carro, financiamento bancário, divido em até 60 meses direto, apartamento de menor valor em maceió.  Contato:  - Teogenes Lopes CRECI: 1145 - Telefone:  /  [ULTIMA FOTO DO ANUNCIO];13/08;22:30;professional;870000;Casas;Venda - casa em condominio fechado;;4;3;;;;57302600;Arapiraca;Canafístula;Rua Rita Leão de Melo;https://al.olx.com.br/alagoas/imoveis/casa-no-villa-de-la-roche-em-arapiraca-a-venda-4-4-1055586410;200m²;R$ 0;R$ 0
Apartamento nascente no Residencial Pátio, 2 quartos com e sem suíte, área de lazer comple;1058262316;Código do anúncio: 47A28D  Apartamento localizado no Antares, com apartamentos de 2 quartos, com e sem suíte. Área de lazer completa, com piscina, salão de festas, academia, playground, brinquedoteca, quadra poliesportiva. Conta também com portaria 24hrs, para sua comodidade e maior segurança.  Valores a partir de R$203.800,00;13/08;22:28;professional;190000;Apartamentos;Venda - apartamento padrão;50m²;2;1;1;Churrasqueira, Piscina, Academia;Condomínio fechado, Portaria, Elevador, Piscina, Academia, Permitido animais, Salão de festas;57083060;Maceió;Antares;Avenida Enfermeira Noraci Pedrosa;https://al.olx.com.br/alagoas/imoveis/apartamento-nascente-no-residencial-patio-2-quartos-com-e-sem-suite-area-de-lazer-comple-1058262316;;R$ 350;R$ 0
Casa no beira do Rio São Francisco;1017646809;Código do anúncio: 1011717172  Vendo Confortável casa na beira do Rio São Francisco a 2.5 km da cidade de Piaçabuçu , com 4 suítes todas com a maravilhosa vista do Rio São Francisco no pavimento superior , no pavimento térreo tem mais um quarto Sala cozinha observando que ficará móveis e ar-condicionados ..... garagem para carros e embarcações tipo jet-ski lanchas ... etc. Paraíso para quem gosta de conforto e tranquilidade..... Aproveite a oportunidade.....  Observação aceita um imóvel de menor valor e carro....  Valor R$ 650 mil  CRECI 4680/AL Danielle Salles  TIM - SÓ LIGAÇÃO Danielle Salles  OI - SÓ WHATSAPP Alcides Alves  TIM;13/08;22:28;professional;650000;Casas;Venda - casa em rua pública;;4;4;5 ou mais;Ar condicionado, Área de serviço, Armários na cozinha, Quarto de serviço, Armários embutidos, Varanda, Mobiliado, Churrasqueira;Permitido animais;57070507;Maceió;Rio Novo;Conjunto Residencial São Francisco;https://al.olx.com.br/alagoas/imoveis/casa-no-beira-do-rio-sao-francisco-1017646809;350m²;R$ 0;R$ 0
Apartamento na Ponta Verde;1016587804;"Código do anúncio: 1009709829  Apartamento localizado na Ponta Verde com 210m²  Beira-mar; Nascente; Próximos a supermercados, escolas, fármacias;  O condomínio conta com:  Piscina; Salão de festas; 2 vagas de garagem;  O apto conta com:  4 quartos sendo 2 suítes; Banheiro social; Sala para 3 ambientes com varanda; Cozinha; Área de serviço; Dependência completa de empregada;  Condomínio inclui água e gás;  Alexandre Bentes CRECI 618 Whatsapp";13/08;22:28;professional;1600000;Apartamentos;Venda - apartamento padrão;210m²;4;4;2;Varanda, Quarto de serviço, Área de serviço, Armários na cozinha, Piscina;Salão de festas, Portaria, Piscina, Permitido animais, Elevador, Condomínio fechado;57035180;Maceió;Ponta Verde;Avenida Álvaro Otacílio - até 3308/3309;https://al.olx.com.br/alagoas/imoveis/apartamento-na-ponta-verde-1016587804;;R$ 1.800;R$ 0
Vendo Apartamento no Cond Villa Bella,Poço ;987286512;"Venha morar com tranquilidade, conforto em uma excelente localização. O Residencial Villa Bella tem para você um excelente apartamento, com cômodos bem distribuídos e uma área de lazer que vai proporcionar muita diversão para você e sua família. totalmente Nascente Andar alto    Apartamento com 70 m² bem distribuídos:  Sala jantar e estar; Varanda; 03 quartos (uma suíte); 01 WC social; Cozinha; Área de serviço; 1 vaga de garagem.  CLEBSON SILVA CORRETOR DE IMOVEIS CRECI:3772 82-9... ver número ";13/08;22:28;professional;380000;Apartamentos;Venda - apartamento padrão;70m²;3;2;1;Área de serviço, Churrasqueira, Varanda, Piscina;Condomínio fechado, Elevador, Segurança 24h, Portaria, Permitido animais, Piscina, Salão de festas;57025860;Maceió;Poço;Praça da Maravilha;https://al.olx.com.br/alagoas/imoveis/vendo-apartamento-no-cond-villa-bella-poco-987286512;;R$ 425;R$ 1.200
O seu apartamento de 2 quartos com suite- Jardim São Gonçalo;1019479440;Código do anúncio: 9122... ver número  LANÇAMENTO do Jardim São Gonçalo Residence - 2 quartos de 49,15m² à 54,55m²  Um projeto pensado para você e sua família terem mais comodidade e lazer garantido. O Jardim São Gonçalo Residence é perfeito para quem quer uma vida mais prática, em um endereço perto das principais vias de acesso, no Centro de Maceió, perto de faculdades, supermercados e bancos.  O empreendimento: > 12 apartamentos por pavimento > 02 Elevadores > apartamento de 49,15m² à 54,55m² > Área de lazer no pilotis e cobertura  Apartamentos: > 2 quartos sendo 1 suíte reversível > Banheiro > Cozinha > Área de serviço > Sala de estar e jantar  Área de lazer no Pilotis: > Mini-quadra > Salão de festas > Espaço coworking > Espaço fitness > Playground > Piscina adulto e infantil  Área de lazer na cobertura: > Área descoberta > Jardins > Churrasqueira > Pergolado  FINANCIAMENTO CAIXA . Valores de tabela podendo haver alterações. Consulte-nos!  HENRIQUE FARIAS IMOVEIS  Creci 5559-J;13/08;22:27;professional;235725;Apartamentos;Venda - apartamento padrão;54m²;2;1;1;Academia, Piscina;Elevador, Academia, Piscina, Condomínio fechado, Permitido animais, Salão de festas, Portaria;57020097;Maceió;Centro;Avenida Moreira e Silva - até 55/56;https://al.olx.com.br/alagoas/imoveis/o-seu-apartamento-de-2-quartos-com-suite-jardim-sao-goncalo-1019479440;;R$ 0;R$ 0
Apartamento para venda tem 60metros quadrados com 2 quartos em francês  - Marechal Deodoro;1070974474;Código do anúncio: APARTAMENTO NO FRANCÊS  vendo apartamento no francês  Tv 49 Máquina de lavar  Prancha de surf decorativa  2 sofás Mesa em madeira e cerâmica 4 pessoas  Geladeira  Bancada em granito  Máquina de lavar  Área de serviço  Móveis Planejados  Microondas Móveis em palets nos quartos  Box no banheiro e armários em pinos   Luminária em leds  Valor do condomínio 100,00 incluso água,limpeza etc ..  IPTU média 600 1 garagem  60 metros quadrados  OBS:  FICA A 2km da praia do francês  Rua 50% asfaltada   Rua Recife - Condomínio luar do francês - número 61 - Loteamento luar do francês - por trás do posto de gasolina Soares e Souza (um posto azul com vermelho). contato Rebeca  9.9.4.0.1.8.5.2.5;13/08;22:25;professional;220000;Apartamentos;Venda - apartamento padrão;60m²;2;1;1;;;57160000;Marechal Deodoro;;;https://al.olx.com.br/alagoas/imoveis/apartamento-para-venda-tem-60metros-quadrados-com-2-quartos-em-frances-marechal-deodoro-1070974474;;R$ 0;R$ 0
APTO 3 QUARTOS COM 107m2;1067549381;Código do anúncio: 9c7242  Alugo excelente apartamento bem localizado na Jatiuca, próximo a bodega do sertão!  3 quartos sendo 1 suíte  2 vagas de garagem  2 banheiros  107m2   Salão de festas  Piscina Área de serviço  Poucos metros da praia   Já com condomínio e IPTU;13/08;22:25;professional;4200;Apartamentos;Aluguel - apartamento padrão;109m²;3;2;2;Piscina, Ar condicionado, Varanda, Churrasqueira;Salão de festas, Piscina, Elevador, Permitido animais, Condomínio fechado;57035700;Maceió;Jatiúca;Avenida Doutor Júlio Marques Luz - até 2014/2015;https://al.olx.com.br/alagoas/imoveis/apto-3-quartos-com-107m2-1067549381;;R$ 0;R$ 0
Casa para vender ou trocar.;1070974457;Casa para vender ou trocar.08298... ver número.;13/08;22:25;amateur;120000;Casas;Venda - casa em rua pública;;4;2;0;Área de serviço, Churrasqueira, Varanda;Área murada;57072101;Maceió;Cidade Universitária;Quadra 20 (Cj Santa Maria);https://al.olx.com.br/alagoas/imoveis/casa-para-vender-ou-trocar-1070974457;0m²;R$ 0;R$ 0
Casa comercial no jacintinho;1025180577;Código do anúncio: CA0209  Casa  no jacintinho, com 03 quartos, próximo a vários aos melhores pontos de referência do Jacintinho.  Agende já sua visita! -;13/08;22:25;professional;189000;Casas;Venda - casa em rua pública;;3;1;;Área de serviço;;57041620;Maceió;Jacintinho;Rua Pastor Eurico Calheiros;https://al.olx.com.br/alagoas/imoveis/casa-comercial-no-jacintinho-1025180577;100m²;R$ 0;R$ 0
Apartamento 3 quartos na Jatiúca;1026043334;"Código do anúncio: apt 550K  Apartamento com 115m2: - 3 quartos sociais sendo uma suíte com varanda - 1 quarto de serviço com banheiro - Sala em L (Estar/Jantar) com varanda; - WC Social; - Cozinha com área de serviço; - Os 3 quartos sociais com armários embutidos planejados seminovos;  - 2 vagas de garagem; - Água e gás canalizado já incluído no valor do condomínio; - Piscina adulto e piscina infantil; - Salão de festas;  Valor do apto = R$ 550 mil Condomínio = R$ 1.137,00 Aceita financiamento bancário.";13/08;22:24;professional;550000;Apartamentos;Venda - apartamento padrão;115m²;3;2;2;;;57035850;Maceió;Jatiúca;Rua José Luiz Calazans;https://al.olx.com.br/alagoas/imoveis/apartamento-3-quartos-na-jatiuca-1026043334;;R$ 1.137;R$ 2.300
Casa com 1° no Benedito Bentes 2;1055420629;Código do anúncio: CS 160K WM  Casa com 1° andar, mas encima só está o vão. Casa térrea  3/4 2 suítes  3 banheiros  Quintal  Cozinha Sala de estar/jantar Garagem pra 3 carros;13/08;22:24;professional;160000;Casas;Venda - casa em rua pública;;3;3;3;;;57084674;Maceió;Benedito Bentes;Rua C-22 (Cj Benedito Bentes);https://al.olx.com.br/alagoas/imoveis/casa-com-1-no-benedito-bentes-2-1055420629;200m²;R$ 0;R$ 680
