Title;ID;Description;Date;Hour;Class;Price;Categoria;Tipo;Condomínio;IPTU;Área útil;Quartos;Banheiros;Vagas na garagem;Detalhes do imóvel;Detalhes do condominio;CEP;Município;Bairro;Logradouro;Link
Locação Apartamento Sao Paulo Mirandópolis Ref: 15700;926214937;Código do anúncio: 1013-15700  Otimo apto com 2 quartos, proximo a estação Praça da Arvore Atualizado em;16/12;18:22;professional;2500;Apartamentos;Aluguel - apartamento padrão;R$ 850;R$ 240;60m²;2;2;1;Piscina;Piscina, Elevador;04048000;São Paulo;Mirandópolis;Rua das Rosas - até 319/320;https://sp.olx.com.br/sao-paulo-e-regiao/imoveis/locacao-apartamento-sao-paulo-mirandopolis-ref-15700-926214937
Apartamento para locação 110m2, 3 dorm, 1 Vagas - Vila Mariana;967056991;Código do anúncio: RF00074  Apartamento para aluguel com 110 metros quadrados com 3 quartos   O apartamento tem 3 amplos e iluminados quartos com armários, sendo uma suíte, 1 banheiro no corredor, 1 lavabo, sala ampla, arejada, cortinas com blecaute na sala e em 2 quartos.      Cozinha com armários embutidos, despensa com boas prateleiras, lavanderia com armário, ar condicionado na sala e no quarto de casal.      Está desocupado, com a locação iremos retirar os móveis. Se o inquilino tiver interesse, podemos deixar alguns móveis, a negociar.      Na parte da manhã, sol no quarto com suíte e segundo quarto, no período da tarde, no terceiro quarto (escritório) e sala.      Reformas elétricas e hidráulica recentes.      Muito bem localizado na Rua Tutóia, perto da Av. Brigadeiro Luiz Antônio, Paulista (Metrô Brigadeiro), Parque Ibirapuera, Clube Circulo Militar, Av. 23 de Maio, farmácia, Shopping Paulista e Cidade São Paulo, mercado, bancos e padaria na mesma rua.;16/12;18:12;professional;5900;Apartamentos;Aluguel - apartamento padrão;R$ 990;R$ 380;110m²;3;3;1;Mobiliado, Área de serviço, Ar condicionado, Armários embutidos, Armários na cozinha;Elevador, Portaria, Permitido animais, Condomínio fechado;04007000;São Paulo;Vila Mariana;Rua Tutóia - até 239/240;https://sp.olx.com.br/sao-paulo-e-regiao/imoveis/apartamento-para-locacao-110m2-3-dorm-1-vagas-vila-mariana-967056991
Apartamento residencial para Locação;967099731;Código do anúncio: AP01521  Excelente apartamento com 69m ampla sala para dois ambientes, dois dormitórios com o terceiro opcional, dois banheiros, cozinha com armários, área de serviço. O condomínio possui quadra poli esportiva, playground, salão de festas.   O Condomínio possui excelente localização, próximo a Estação de Metrô Saúde (dois minutos a pé do metrô), e ampla e variada rede de comércio com farmácias, mercados, rotisserie, cafeterias, etc. linha de transporte público na porta, além de fácil acesso a vias de ligação como a Av. Jabaquara, Rua Domingos de Morais, Av. dos Bandeirantes,;16/12;18:08;professional;2000;Apartamentos;Aluguel - apartamento padrão;R$ 480;R$ 168;69m²;2;2;;;Elevador;04046300;São Paulo;Mirandópolis;Avenida Jabaquara - de 1502 a 2000 - lado par;https://sp.olx.com.br/sao-paulo-e-regiao/imoveis/apartamento-residencial-para-locacao-967099731
Apartamento - Vila Mariana - 2 Dormitórios / Quartos - 1 Vaga - Locação / Aluguel / Locaçã;970091456;Código do anúncio: 3857-japa  Apartamento de 110 m², com 2 dormitórios com armários, sala ampla, 2 banheiros, cozinha com armário, área de serviço amplo, dependência de empregada e uma vaga na garagem. Condomínio com salão de festa e portaria 24 horas.   Imóvel na região do Paraíso, com localização privilegiada, fácil acesso para Av. Paulista, R. Cubatão e R. Domingos de Morais.   Resida próximo de comercio e conveniência, escolas, faculdades, parques, shopping, museus e alta gastronomia variada.   Agende uma visita com um de nossos corretores!;16/12;18:00;professional;3000;Apartamentos;Aluguel - apartamento padrão;R$ 860;R$ 130;110m²;2;2;1;;;04011030;São Paulo;Vila Mariana;Rua Eça de Queiroz - até 149/150;https://sp.olx.com.br/sao-paulo-e-regiao/imoveis/apartamento-vila-mariana-2-dormitorios-quartos-1-vaga-locacao-aluguel-locaca-970091456
São Paulo - Kitchenette/Conjugados - Vila Mariana;925889193;Código do anúncio: 129  ..;16/12;17:20;professional;1000;Apartamentos;Aluguel - apartamento padrão;R$ 300;R$ 100;20m²;1;1;0;;;04010200;São Paulo;Vila Mariana;Rua Domingos de Morais - de 1238 a 1860 - lado par;https://sp.olx.com.br/sao-paulo-e-regiao/imoveis/sao-paulo-kitchenette-conjugados-vila-mariana-925889193
Belo apartamento com 100 m² a.u. 3 Dorm - 1 Vaga - R. Joel Jorge de Melo - Vila Mariana - ;938411425;Código do anúncio: AP5470  Nos chame no whatsapp 11 94838n 0410, para mais informações desse belo apartamento. 100 m² de área útil, sala ampla para 2 ambientes, cozinha com armários planejados. 3 dormitórios, com possibilidade de reversão no 2º dormitório. Banheiro social com box de vidros. Área de serviço. Banheiro de empregado e 1 vaga na garagem. Excelente localização, próximo ao metrô Santa Cruz, parque Modernista, Hospital Santa Cruz e Hospital São Paulo, shopping e terminal de ônibus Santa Cruz, Metrô Klabin, museu Lasar Segall e colégio Arquidiocesano. Agende uma visita direto pelo nosso WhatsApp. -;16/12;17:13;professional;2200;Apartamentos;Aluguel - apartamento padrão;R$ 1.415;R$ 356;100m²;3;2;1;Área de serviço;Elevador;04128080;São Paulo;Vila Mariana;Rua Joel Jorge de Melo - até 509/510;https://sp.olx.com.br/sao-paulo-e-regiao/imoveis/belo-apartamento-com-100-m-a-u-3-dorm-1-vaga-r-joel-jorge-de-melo-vila-mariana-938411425
Flat com 1 dormitório para alugar, 30 m² por R$ 2.000,00/mês - Vila Clementino - São Paulo;926928220;Código do anúncio: FL0017  Flat com 1 dormitório para alugar, 30 m² por R$ 2.000/mês - Vila Clementino - São Paulo/SP      - 1 vaga   - Internet   - tv acabo   - serviços de arrumação diária -;16/12;17:03;professional;2000;Apartamentos;Aluguel - apartamento padrão;R$ 1.450;R$ 200;30m²;1;1;1;;;04021051;São Paulo;Vila Clementino;Rua Sena Madureira - de 485 ao fim - lado ímpar;https://sp.olx.com.br/sao-paulo-e-regiao/imoveis/flat-com-1-dormitorio-para-alugar-30-m-por-r-2-000-00-mes-vila-clementino-sao-paulo-926928220
Lindo Apartamento com VARANDA Gourmet para aluguel - 183m² - 4 Dorms - 4 Vagas - Chácara K;919546814;Código do anúncio: Ed Giardino. C  Este lindo apartamento no Bairro Chácara Klabin possui 183 M², Varanda Gourmet, 4 Dormitórios sendo 2 Suítes e 4 Vagas de Garagem.   Características do Condomínio: Academia, Brinquedoteca, Piscina, Espaço para festas e eventos, Quadra gramada.   Elevador que garante o transporte das suas malas e compras.;16/12;16:42;professional;8500;Apartamentos;Aluguel - apartamento padrão;R$ 2.400;R$ 16.350;183m²;4;4;4;Salão de festas, Varanda, Piscina, Academia;Salão de festas, Piscina, Elevador, Academia, Condomínio fechado;04116260;São Paulo;Jardim Vila Mariana;Rua René Zamlutti;https://sp.olx.com.br/sao-paulo-e-regiao/imoveis/lindo-apartamento-com-varanda-gourmet-para-aluguel-183m-4-dorms-4-vagas-chacara-k-919546814
apartamento - Vila Mariana - São Paulo;928319585;Código do anúncio: AP002508  Apartamento para locação próximo ao Metrô Ana Rosa com 75m², 2 dormitórios, sala para 2 ambientes, varanda, 2 banheiros, cozinha e 1 vaga de garagem.   Consulte-nos para obter mais informações ou para agendar uma visita.   As informações divulgadas neste anúncio poderão sofrer inclusões, alterações e/ou atualizações sem aviso prévio. -;16/12;16:39;professional;2300;Apartamentos;Aluguel - apartamento padrão;R$ 780;R$ 160;75m²;2;2;1;;;04107022;São Paulo;Vila Mariana;Rua Paula Ney - de 601/602 ao fim;https://sp.olx.com.br/sao-paulo-e-regiao/imoveis/apartamento-vila-mariana-sao-paulo-928319585
Apartamento para venda possui 42 metros quadrados com 1 quarto em Vila Clementino - São Pa;920982526;Código do anúncio: 3993  Apto com 1 quarto, próximo ao Hospital São Paulo, Escola Paulista de Medicina, estação Santa Cruz do Metrô e Shopping Santa Cruz.;16/12;16:32;professional;1800;Apartamentos;Aluguel - apartamento padrão;R$ 517;R$ 82;42m²;1;1;0;Área de serviço, Armários na cozinha;;04042004;São Paulo;Vila Clementino;Avenida Doutor Altino Arantes - de 782 a 1100 - lado par;https://sp.olx.com.br/sao-paulo-e-regiao/imoveis/apartamento-para-venda-possui-42-metros-quadrados-com-1-quarto-em-vila-clementino-sao-pa-920982526
Apartamento com 1 dormitório para alugar, 35 m² por R$ 2.700,00/mês - Vila Mariana - São P;928317470;"Código do anúncio: AP0306  Prédio novo aconchegante  apto tipo Studio ""MOBILIADO ""   No valor do Condomínio , esta incluso água ,gás e IPTU.   Perto metrô Vila Mariana; Próximo a faculdades ESPM, Belas Artes: Próximo ao Hospital São Paulo. Perto do Parque Ibirapuera....   Apartamento tipo Studio para locação na Vila Mariana próximo ao metro Vila Mariana. Rua Marselhesa / esq com a Rua Gandavo: Prédio Novo com excelente infraestrutura: Piscina, Salão de festas, lavanderia coletiva, academia, Wi-fi , Home Office, Salão de jogos. Ampla  sacada. Apartamento tipo Studio.... -";16/12;16:21;professional;2700;Apartamentos;Aluguel - apartamento padrão;R$ 600;R$ 250;35m²;1;1;1;Varanda, Piscina, Mobiliado;Elevador, Piscina;04020060;São Paulo;Vila Mariana;Rua Marselhesa;https://sp.olx.com.br/sao-paulo-e-regiao/imoveis/apartamento-com-1-dormitorio-para-alugar-35-m-por-r-2-700-00-mes-vila-mariana-sao-p-928317470
Apartamento para aluguel tem 56 metros quadrados com 1 quarto em Vila Mariana - São Paulo ;919236912;Código do anúncio: 20115  O apartamento no bairro Vila Mariana possui 56 metros quadrados com 1 quarto e 1 banheiroElevador que garante o transporte das suas malas e compras.   Está em um condomínio protegido por grades.;16/12;16:00;professional;2000;Apartamentos;Aluguel - apartamento padrão;R$ 338;R$ 193;56m²;1;1;0;;Condomínio fechado, Elevador, Portaria, Permitido animais;04019030;São Paulo;Vila Mariana;Rua Tangará;https://sp.olx.com.br/sao-paulo-e-regiao/imoveis/apartamento-para-aluguel-tem-56-metros-quadrados-com-1-quarto-em-vila-mariana-sao-paulo-919236912
Apartamento em São Paulo;953285196;Código do anúncio: 1560  Prédio a duas quadras do metrô Vila Mariana. São dois dormitórios, sala para dois ambientes com sacada, banheiro social e wc, cozinha com armário, vaga de garagem no sub-solo. Prédio com lazer, salão de festa, piscina, sala de ginástica Próximo de comércio e avenida Vergueiro, fácil acesso à Av. Paulista. marque sua visita com Luiz França ( 11 )  WhatsApp.   / Atualização -    19/011/2021;16/12;15:47;professional;2500;Apartamentos;Aluguel - apartamento padrão;R$ 750;R$ 100;56m²;2;2;1;Piscina, Salão de festas, Área de serviço, Varanda, Academia;Salão de festas, Academia, Piscina, Elevador;04110900;São Paulo;Vila Mariana;Rua Baltazar Lisboa - até 275/276;https://sp.olx.com.br/sao-paulo-e-regiao/imoveis/apartamento-em-sao-paulo-953285196
Locação Apartamento Sao Paulo Vila Mariana Ref: 23932;944780726;Código do anúncio: 1013-23932  ÓTIMO APARTAMENTO, PRÉDIO COM BELA ÁREA DE LAZER TEM ATÉ PISCINA COBERTA E CLIMATIZADA, 300M DA ESTAÇÃO DE METRÔ VILA MARIANA E 800M DA ESTAÇÃO DE METRÔ ANA ROSA, FACIL ACESSO A AV. PAULISTA. Atualizado em;16/12;15:42;professional;2950;Apartamentos;Aluguel - apartamento padrão;R$ 850;R$ 130;54m²;2;1;1;Salão de festas, Piscina, Varanda;Piscina, Elevador, Salão de festas;04101300;São Paulo;Vila Mariana;Rua Vergueiro - de 2771 a 5049 - lado ímpar;https://sp.olx.com.br/sao-paulo-e-regiao/imoveis/locacao-apartamento-sao-paulo-vila-mariana-ref-23932-944780726
Apartamento de 77 metros quadrados no bairro Vila Mariana com 3 quartos;920982286;Código do anúncio: 8771A  Ótimo apto com 3 quartos, lazer completo, próximo à estação Santa Cruz do metrô, colégio Rosário, colégio Arquidiocesano, Hospital São Paulo, Unifesp e Escola Paulista de Medicina.;16/12;15:42;professional;3000;Apartamentos;Aluguel - apartamento padrão;R$ 934;R$ 414;77m²;3;1;2;Salão de festas, Área de serviço, Piscina, Academia;Academia, Piscina, Elevador, Salão de festas;04128000;São Paulo;Vila Mariana;Rua Ouvidor Peleja - até 499/500;https://sp.olx.com.br/sao-paulo-e-regiao/imoveis/apartamento-de-77-metros-quadrados-no-bairro-vila-mariana-com-3-quartos-920982286
Belíssimo Apto. 280m² - Mobiliado - Vl. Clementino;957230848;Código do anúncio: AP0094  Apto. mobiliado de 280m², 3 dormitórios (3 suítes sendo a master com 2 closets e banheira), 4 vagas de garagem com depósito, living amplo para 2 ambientes com lareira, varanda envidraçada e com churrasqueira, sala de jantar, sala home theater, escritório, 5 banheiros no total, copa, cozinha e despensa.   Armários e closet - Ornare   Armários da cozinha - Kitchens   Lareira, lavabo e banheiros - mármore importado -;16/12;15:31;professional;15000;Apartamentos;Aluguel - apartamento padrão;R$ 4.368;R$ 2.412;280m²;3;5 ou mais;4;Mobiliado, Piscina, Área de serviço;Piscina;04022005;São Paulo;Vila Clementino;Rua Ipê;https://sp.olx.com.br/sao-paulo-e-regiao/imoveis/belissimo-apto-280m-mobiliado-vl-clementino-957230848
Apartamento com 3 dormitórios para alugar, 86 m² por R$ 3.500,00/mês - Vila Mariana - São ;949346828;"Código do anúncio: AP0107  Você está procurando morar em um lugar com excelente localização e praticidade? Então você não pode perder essa oportunidade!      Apartamento com 86 m², localizado no Condomínio Edifício Jardins de Itapema, situado na rua Rua Eça de Queiroz, nº 114, 6º andar, Vila Mariana - SP.      Lindo apartamento com 3 dormitórios, 2 banheiros, ampla cozinha com armários, área de serviço com sistema de aquecimento de água padrão Comgás.   Área de lazer do condomínio equipada com piscina, academia, Playground e salão de festas.      Possui excelente localização sendo próximo de diversos pontos de interesse da Vila Mariana, como:   Transportes: Estação Paraíso, Metrôs Santa Cruz e Ana Rosa;   Saúde: Hospitais São Paulo, Servidor Público Edmundo Vasconcelos, Rim e AACD;   Educação: Colégio Bandeirantes, Colégio Etapa São Paulo, Faculdades Unip, Espm e Belas Artes;   Lazer: Academias Bodytech, Smartfit, Parque do Ibirapuera e Museu Lasar Segall;   Serviços: Carrefour Express, O dia e Drogaria São Paulo.      Para mais informações, entre em contato conosco e agende uma visita! -";16/12;15:16;professional;3500;Apartamentos;Aluguel - apartamento padrão;R$ 828;R$ 136;86m²;3;2;1;Piscina;Piscina;04011033;São Paulo;Vila Mariana;Rua Eça de Queiroz - de 591/592 ao fim;https://sp.olx.com.br/sao-paulo-e-regiao/imoveis/apartamento-com-3-dormitorios-para-alugar-86-m-por-r-3-500-00-mes-vila-mariana-sao-949346828
Apartamento mobiliado Próximo ao metrô Vila Mariana e Shopping metrô Santa Cruz;961544593;Código do anúncio: 2021001  Apartamento mobiliado andar alto, com vista para o parque Ibirapuera, próximo do metrô Vila Mariana, 2 dormitórios, sendo um suíte, ampla varanda envidraçada, ar condicionado em 2 pontos do apartamento, maquina lavar/secar, geladeira, 2 tv, cortinas em todas as dependências, eletrodomésticos de cozinha , talheres, copos, pratos, etc. É entrar e morar, uma vaga, depósito no subsolo.    O prédio tem lazer completo, piscina, playground, churrasqueira, brinquedoteca, etc. O prédio esta localizado numa região com acesso a comercio em geral, mercado, bancos, escolas, hospitais, acesso rápido as principais avenidas da região, a poucos minutos do parque Ibirapuera, apartamento está localizado no bairro Vila Clementino tem 57 metros quadrados com 2 quartos sendo 1 suite e 2 banheiros   Possui área de fitness, espaço gourmet, área verde de jardim, playground, salão de festas.   Vai lhe possibilitar curtir os dias mais quentes na piscina, todo o conforto do ar condicionado nos dias mais quentes. Elevador para mais praticidade no dia-a-dia.   Churrasqueira para você aproveitar nos momentos de descontração.   É mobiliado. Condomínio baixo para o padrão, com gás e agua incluídos.;16/12;15:07;professional;4500;Apartamentos;Aluguel - apartamento padrão;R$ 680;R$ 219;57m²;2;2;1;Piscina, Mobiliado, Salão de festas, Academia, Ar condicionado;Salão de festas, Permitido animais, Portaria, Academia, Elevador, Piscina;04010200;São Paulo;Vila Mariana;Rua Domingos de Morais - de 1238 a 1860 - lado par;https://sp.olx.com.br/sao-paulo-e-regiao/imoveis/apartamento-mobiliado-proximo-ao-metro-vila-mariana-e-shopping-metro-santa-cruz-961544593
SAO PAULO - Apartamento Padrão - VILA MARIANA;970013890;Código do anúncio: 143134ML  Apartamento super espaçoso, com 2 dormitórios, terraço e  1 vaga de garagem. Próximo ao metrô Vila Mariana....      . Pontos de Interesse mais Próximos:       Metrô VILA MARIANA a 437m.    Ponto de onibus a 55m.    Ciclovia VILA MARIANA, com extensão de 45m a uma distância de 43m.    Escola POLIEDRO (ENEM: 673.38) a 638m.    Parque MODERNISTA - CASA MODERNISTA (Área: 12682m) a 915m.;16/12;15:05;professional;2999;Apartamentos;Aluguel - apartamento padrão;R$ 986;R$ 89;84m²;2;2;1;Salão de festas, Área de serviço, Academia, Varanda;Academia, Salão de festas;04117100;São Paulo;Vila Mariana;Rua Calixto da Mota;https://sp.olx.com.br/sao-paulo-e-regiao/imoveis/sao-paulo-apartamento-padrao-vila-mariana-970013890
SAO PAULO - Apartamento Padrão - VILA MARIANA;970013893;Código do anúncio: 144949ML  Apartamento bem conservado, com 3 dormitórios, 2 banheiros e 1 vaga de garagem. Localizado à Av. Ricardo Jafet.;16/12;15:05;professional;2099;Apartamentos;Aluguel - apartamento padrão;R$ 680;R$ 170;69m²;3;2;1;Salão de festas;Salão de festas;04121001;São Paulo;Vila Mariana;Rua Santa Cruz - de 983 a 1799 - lado ímpar;https://sp.olx.com.br/sao-paulo-e-regiao/imoveis/sao-paulo-apartamento-padrao-vila-mariana-970013893
SÃO PAULO - Apartamento Padrão - VILA MARIANA;970013875;Código do anúncio: 16552ML  Apartamento com 2 dormitórios, 2 banheiros sendo uma suíte, 2 sacadas, área de serviço e 1 vaga de garagem.     Imovel nas imediações da rua Vergueiro e fácil acesso ao Metrô Ana Rosa e Parque da Aclimação. Condomínio com ótima área de lazer.      . Pontos de Interesse mais Próximos:       Metrô ANA ROSA a 632m.    Ponto de onibus a 223m.    Ciclovia LIBERDADE / VERGUEIRO, com extensão de 233m a uma distância de 437m.    Escola ETAPA III (ENEM: 706.12) a 775m.    Parque ACLIMACAO (Área: 136477m) a 1074m.;16/12;15:05;professional;2199;Apartamentos;Aluguel - apartamento padrão;R$ 747;R$ 129;69m²;2;2;1;Salão de festas, Academia, Piscina;Piscina, Elevador, Salão de festas, Academia;04110001;São Paulo;Vila Mariana;Rua Carlos Petit - de 335/336 ao fim;https://sp.olx.com.br/sao-paulo-e-regiao/imoveis/sao-paulo-apartamento-padrao-vila-mariana-970013875
SAO PAULO - Apartamento Padrão - VILA CLEMENTINO;970013802;Código do anúncio: 138224ML  Excelente oportunidade, apartamento na região da Vila Clementino, 90m², sendo 3 dormitórios, 1 suíte, sala ampla para 2 ambientes, cozinha, lavanderia, dependencia de serviço com banheiro. Planta bem distribuida, ensolarado e ventilado, andar alto. Sol da tarde nos quartos. Condomínio oferece jardim, academia, salão de festas e playground. Fácil acesso as principais vias da região, Av. Ruben Berta, Av. 23 de Maio, Rua Sena Madureira. Venha conhecer e fazer sua proposta. Falem comigo!!!      . Pontos de Interesse mais Próximos:       Metrô HOSPITAL SAO PAULO a 437m.    Ponto de onibus a 136m.    Ciclovia VILA MARIANA, com extensão de 437m a uma distância de 106m.    Escola POLIEDRO (ENEM: 673.38) a 922m.    Parque MODERNISTA - CASA MODERNISTA (Área: 12682m) a 1122m.;16/12;15:05;professional;3099;Apartamentos;Aluguel - apartamento padrão;R$ 730;R$ 45;89m²;3;2;1;Academia, Salão de festas, Área de serviço;Salão de festas, Elevador, Academia;04022001;São Paulo;Vila Clementino;Rua Estado de Israel - de 243/244 a 641/642;https://sp.olx.com.br/sao-paulo-e-regiao/imoveis/sao-paulo-apartamento-padrao-vila-clementino-970013802
SAO PAULO - Apartamento Padrão - VILA MARIANA;970013777;Código do anúncio: 144288ML  Apartamento com 2 dormitórios, 1 suíte e 2 banheiros. Próximo ao metrô Paraíso.      . Pontos de Interesse mais Próximos:       Metrô PARAISO a 1035m.    Ponto de onibus a 121m.    Ciclovia VILA MARIANA, com extensão de 437m a uma distância de 256m.    Escola ETAPA III (ENEM: 706.12) a 1079m.    Parque IBIRAPUERA (Área: 1241744m) a 1273m.;16/12;15:05;professional;2699;Apartamentos;Aluguel - apartamento padrão;R$ 580;;74m²;2;2;0;Salão de festas;Salão de festas;04011062;São Paulo;Vila Mariana;Rua José Antônio Coelho - de 701/702 ao fim;https://sp.olx.com.br/sao-paulo-e-regiao/imoveis/sao-paulo-apartamento-padrao-vila-mariana-970013777
SÃO PAULO - Apartamento Padrão - PARAISO;970013706;Código do anúncio: 140660ML  Apartamento com 60m² a 130 metros do metrô Paraíso, pronto para morar.       São 2 dormitórios, living 2 ambientes, cozinha independente com armários embutidos, área de serviço e 1 vaga de garagem.      Condomínio com portaria 24 horas, localizado próximos dos principais comércios, e de fácil acesso as vias da região.       Entre em contato e agende sua visita.      . Pontos de Interesse mais Próximos:       Metrô PARAISO a 279m.    Ponto de onibus a 32m.    Ciclovia LIBERDADE / VERGUEIRO, com extensão de 233m a uma distância de 54m.    Escola ETAPA III (ENEM: 706.12) a 302m.    Parque ACLIMACAO (Área: 136477m) a 1419m.;16/12;15:05;professional;2799;Apartamentos;Aluguel - apartamento padrão;R$ 687;;59m²;2;2;1;Salão de festas;Salão de festas;04011030;São Paulo;Vila Mariana;Rua Eça de Queiroz - até 149/150;https://sp.olx.com.br/sao-paulo-e-regiao/imoveis/sao-paulo-apartamento-padrao-paraiso-970013706
SAO PAULO - Apartamento Padrão - VILA MARIANA;970013713;Código do anúncio: 143434ML  Apartamento com 2 dormitórios, sendo 1 suíte, varanda envidraçada e 2 vagas de garagem. Condomínio com lazer moderno e completo, localização nobre, próximo ao parque da Aclimação....      . Pontos de Interesse mais Próximos:       Metrô PARAISO a 693m.    Ponto de onibus a 79m.    Ciclovia LIBERDADE / VERGUEIRO, com extensão de 233m a uma distância de 691m.    Escola ETAPA III (ENEM: 706.12) a 570m.    Parque ACLIMACAO (Área: 136477m) a 630m.;16/12;15:05;professional;3499;Apartamentos;Aluguel - apartamento padrão;R$ 1.240;R$ 319;62m²;2;2;2;Salão de festas, Piscina, Academia;Academia, Piscina, Salão de festas;04107020;São Paulo;Vila Mariana;Rua Paula Ney - até 369/370;https://sp.olx.com.br/sao-paulo-e-regiao/imoveis/sao-paulo-apartamento-padrao-vila-mariana-970013713
SÃO PAULO - Apartamento Padrão - VILA MARIANA;970013721;Código do anúncio: 13150ML  Apartamento na região do metrô chácara Klabin, com 3 dormitórios, sendo 1 suíte e 3 vagas de garagem. Condomínio moderno com área de lazer completa. Pedaço nobre.      . Pontos de Interesse mais Próximos:       Metrô CHACARA KLABIN a 297m.    Ponto de onibus a 66m.    Ciclovia JABAQUARA - TRECHO 2, com extensão de 20m a uma distância de 608m.    Escola POLIEDRO (ENEM: 673.38) a 705m.    Parque MODERNISTA - CASA MODERNISTA (Área: 12682m) a 190m.;16/12;15:05;professional;5099;Apartamentos;Aluguel - apartamento padrão;R$ 1.897;;115m²;4;1;3;Área de serviço, Academia, Varanda, Piscina, Salão de festas;Piscina, Salão de festas, Academia;04120020;São Paulo;Vila Mariana;Rua Maurício Francisco Klabin;https://sp.olx.com.br/sao-paulo-e-regiao/imoveis/sao-paulo-apartamento-padrao-vila-mariana-970013721
SÃO PAULO - Apartamento Padrão - VILA MARIANA;970013695;Código do anúncio: 81047ML  Apartamento com 93m², 03 dormitórios, ambientes claros e arejados. ótima localização próximo das faculdades Belas Artes e ESPM  e a 700 metros da estação Vila Mariana do metrô. região com toda infraestrutura de comércio. venha conhecer!      . Pontos de Interesse mais Próximos:       Metrô VILA MARIANA a 574m.    Ponto de onibus a 52m.    Ciclovia VILA MARIANA, com extensão de 437m a uma distância de 50m.    Escola ETAPA III (ENEM: 706.12) a 1018m.    Parque MODERNISTA - CASA MODERNISTA (Área: 12682m) a 1144m.;16/12;15:05;professional;3399;Apartamentos;Aluguel - apartamento padrão;R$ 575;R$ 95;93m²;3;2;1;Área de serviço, Salão de festas;Salão de festas;04018033;São Paulo;Vila Mariana;Rua Humberto I - de 811/812 ao fim;https://sp.olx.com.br/sao-paulo-e-regiao/imoveis/sao-paulo-apartamento-padrao-vila-mariana-970013695
SAO PAULO - Apartamento Padrão - VILA MARIANA;970013701;Código do anúncio: 142983ML  . Pontos de Interesse mais Próximos:       Metrô VILA MARIANA a 437m.    Ponto de onibus a 55m.    Ciclovia VILA MARIANA, com extensão de 45m a uma distância de 43m.    Escola POLIEDRO (ENEM: 673.38) a 638m.    Parque MODERNISTA - CASA MODERNISTA (Área: 12682m) a 915m.;16/12;15:05;professional;2699;Apartamentos;Aluguel - apartamento padrão;R$ 920;;84m²;2;2;1;Salão de festas, Academia, Área de serviço;Salão de festas, Academia;04117100;São Paulo;Vila Mariana;Rua Calixto da Mota;https://sp.olx.com.br/sao-paulo-e-regiao/imoveis/sao-paulo-apartamento-padrao-vila-mariana-970013701
SAO PAULO - Apartamento Padrão - MIRANDOPOLIS;970013654;Código do anúncio: 133707ML  . Pontos de Interesse mais Próximos:       Metrô HOSPITAL SAO PAULO a 719m.    Ponto de onibus a 69m.    Ciclovia MIRANDOPOLIS, com extensão de 203m a uma distância de 254m.    Escola  CARANDA VIVA VIDA(ENEM: 652.75) a 961m.    Parque MODERNISTA - CASA MODERNISTA (Área: 12682m) a 1812m.;16/12;15:05;professional;1249;Apartamentos;Aluguel - apartamento padrão;R$ 400;R$ 350;24m²;1;1;0;Mobiliado;;04043200;São Paulo;Mirandópolis;Rua Luís Góis - de 1552 ao fim - lado par;https://sp.olx.com.br/sao-paulo-e-regiao/imoveis/sao-paulo-apartamento-padrao-mirandopolis-970013654
SAO PAULO - Apartamento Padrão - PARAISO;970013610;Código do anúncio: 145154ML  O apartamento tem 3 amplos quartos com armários, sendo uma suíte, 1 banheiro no corredor, 1 lavabo, sala ampla, arejada, cortinas na sala e em 2 quartos. Cozinha com armários embutidos, despensa com boas prateleiras, lavanderia com armário, ar condicionado na sala e no quarto de casal.Na parte da manhã, sol no quarto com suíte e segundo quarto, no  período da tarde, no terceiro quarto (escritório) e sala.   Reformas elétricas e hidráulica recentes.   Muito bem localizado na Rua Tutóia, perto da Av. Brigadeiro Luiz Antônio, Paulista (Metrô Brigadeiro), Parque Ibirapuera, Clube Circulo Militar, Av. 23 de Maio, farmácia, Shopping Paulista e Cidade São Paulo, mercado, bancos e padaria na mesma rua.;16/12;15:05;professional;5899;Apartamentos;Aluguel - apartamento padrão;R$ 990;R$ 380;109m²;3;2;1;Área de serviço;;04007000;São Paulo;Vila Mariana;Rua Tutóia - até 239/240;https://sp.olx.com.br/sao-paulo-e-regiao/imoveis/sao-paulo-apartamento-padrao-paraiso-970013610
SAO PAULO - Apartamento Padrão - VILA MARIANA;970013540;Código do anúncio: 145007ML  -;16/12;15:05;professional;2249;Apartamentos;Aluguel - apartamento padrão;R$ 631;R$ 34;53m²;2;1;1;Salão de festas, Academia, Piscina;Piscina, Salão de festas, Academia;04105001;São Paulo;Vila Mariana;Rua Doutor Nicolau de Sousa Queirós - de 219/220 a 535/536;https://sp.olx.com.br/sao-paulo-e-regiao/imoveis/sao-paulo-apartamento-padrao-vila-mariana-970013540
SAO PAULO - Apartamento Padrão - VILA MARIANA;970013479;Código do anúncio: 143232ML  Apartamento próximo ao metrô Paraíso com 1 dormitório. Obs: ficará, fogão, geladeira e 1 cama.      . Pontos de Interesse mais Próximos:       Metrô PARAISO a 271m.    Ponto de onibus a 144m.    Ciclovia BERNARDINO DE CAMPOS, com extensão de 79m a uma distância de 177m.    Escola ETAPA III (ENEM: 706.12) a 497m.    Parque ACLIMACAO (Área: 136477m) a 1547m.;16/12;15:05;professional;1999;Apartamentos;Aluguel - apartamento padrão;R$ 350;R$ 65;39m²;1;1;0;;;04013002;São Paulo;Vila Mariana;Rua Cubatão - de 484 a 770 - lado par;https://sp.olx.com.br/sao-paulo-e-regiao/imoveis/sao-paulo-apartamento-padrao-vila-mariana-970013479
SÃO PAULO - Apartamento Padrão - VILA MARIANA;970013485;Código do anúncio: 47900ML  Apartamento recém reformado com dois dormitórios sem vaga de garagem e próximo ao Metrô Ana Rosa.      . Pontos de Interesse mais Próximos:       Metrô VILA MARIANA a 437m.    Ponto de onibus a 51m.    Ciclovia LIBERDADE / VERGUEIRO, com extensão de 233m a uma distância de 20m.    Escola ETAPA III (ENEM: 706.12) a 758m.    Parque MODERNISTA - CASA MODERNISTA (Área: 12682m) a 1230m.;16/12;15:05;professional;1999;Apartamentos;Aluguel - apartamento padrão;R$ 600;R$ 50;49m²;2;1;0;;Elevador;04010100;São Paulo;Vila Mariana;Rua Domingos de Morais - de 514 a 1236 - lado par;https://sp.olx.com.br/sao-paulo-e-regiao/imoveis/sao-paulo-apartamento-padrao-vila-mariana-970013485
SÃO PAULO - Apartamento Padrão - VILA MARIANA;970013342;Código do anúncio: 23954ML  Apartamento na Vila Mariana com 58m², 2 dormitórios, sala com varanda envidraçada, cozinha com móveis planejados e 1 vaga de garagem.      Localizado nas proximidades do parque da Aclimação e metrô Ana Rosa.      Condomínio com lazer completo:   - espaço fitness   - piscina e sauna   - espaço gourmet com churrasqueira e forno de pizza   - salão de festas   - salão de jogos   - playground   - quadra poliesportiva      Agende uma visita!      -       . Pontos de Interesse mais Próximos:       Metrô ANA ROSA a 856m.    Ponto de onibus a 102m.    Ciclovia CAMBUCI, com extensão de 340m a uma distância de 760m.    Escola GOMES CARDIM PROFESSOR(ENEM: 404.46) a 623m.    Parque ACLIMACAO (Área: 136477m) a 661m.;16/12;15:05;professional;2499;Apartamentos;Aluguel - apartamento padrão;R$ 980;R$ 300;57m²;2;1;1;Salão de festas, Academia, Piscina;Piscina, Salão de festas, Academia;04106001;São Paulo;Vila Mariana;;https://sp.olx.com.br/sao-paulo-e-regiao/imoveis/sao-paulo-apartamento-padrao-vila-mariana-970013342
SAO PAULO - Apartamento Padrão - CHACARA KLABIN;970013331;Código do anúncio: 95675ML  Rua tranquila e arborizada apartamento de fundos, 3 dormitórios sendo 1 suíte, todo mobiliado, andar baixo, 2 vagas de garagem, prédio com lazer. Locação só com seguro fiança....      . Pontos de Interesse mais Próximos:       Metrô CHACARA KLABIN a 491m.    Ponto de onibus a 305m.    Ciclovia VILA MARIANA, com extensão de 45m a uma distância de 277m.    Escola POLIEDRO (ENEM: 673.38) a 1149m.    Parque MODERNISTA - CASA MODERNISTA (Área: 12682m) a 870m.;16/12;15:05;professional;3999;Apartamentos;Aluguel - apartamento padrão;R$ 1.450;R$ 614;108m²;3;3;2;Salão de festas, Academia, Varanda, Piscina;Piscina, Salão de festas, Academia;04116170;São Paulo;Jardim Vila Mariana;Rua Ernesto de Oliveira;https://sp.olx.com.br/sao-paulo-e-regiao/imoveis/sao-paulo-apartamento-padrao-chacara-klabin-970013331
SÃO PAULO - Apartamento Padrão - VILA MARIANA;970013311;Código do anúncio: 57614ML  Uma boa localização, o prédio fica ao lado de ponto de ônibus, bem próximo do metrô Paraíso, apartamento bem conservado.    Contate nossos corretores, obtenha maiores informações sobre este imóvel.   Com toda certeza na MARC você vai encontrar o imóvel que deseja.   ...      . Pontos de Interesse mais Próximos:       Metrô ANA ROSA a 428m.    Ponto de onibus a 30m.    Ciclovia LIBERDADE / VERGUEIRO, com extensão de 233m a uma distância de 441m.    Escola ARCY MAJOR(ENEM: 525.02) a 49m.    Parque ACLIMACAO (Área: 136477m) a 888m.;16/12;15:05;professional;1699;Apartamentos;Aluguel - apartamento padrão;R$ 483;;64m²;2;1;0;;Elevador;04105002;São Paulo;Vila Mariana;Rua Doutor Nicolau de Sousa Queirós - de 537/538 a 759/760;https://sp.olx.com.br/sao-paulo-e-regiao/imoveis/sao-paulo-apartamento-padrao-vila-mariana-970013311
SÃO PAULO - Apartamento Padrão - VILA MARIANA;970013226;Código do anúncio: 29621ML  Apartamento na Vila Mariana, com 2 dormitórios, 1 suíte, 1 banheiro social, sala ampla para 2 ambientes, piso taco, cozinha, lavanderia, quarto e banheiro de empregada, 1 vaga.      . Pontos de Interesse mais Próximos:       Metrô ANA ROSA a 465m.    Ponto de onibus a 98m.    Ciclovia LIBERDADE / VERGUEIRO, com extensão de 233m a uma distância de 503m.    Escola ETAPA III (ENEM: 706.12) a 457m.    Parque ACLIMACAO (Área: 136477m) a 843m.;16/12;15:05;professional;2999;Apartamentos;Aluguel - apartamento padrão;R$ 927;R$ 131;77m²;2;2;1;Salão de festas, Área de serviço;Salão de festas, Elevador;04107021;São Paulo;Vila Mariana;Rua Paula Ney - de 371/372 a 599/600;https://sp.olx.com.br/sao-paulo-e-regiao/imoveis/sao-paulo-apartamento-padrao-vila-mariana-970013226
SÃO PAULO - Apartamento Padrão - VILA MARIANA;970013138;Código do anúncio: 4098ML  Apartamento nas proximidades do metrô Paraíso, com 2 dormitórios, 2 banheiros e sem vaga de garagem.;16/12;15:05;professional;1899;Apartamentos;Aluguel - apartamento padrão;R$ 540;;74m²;2;2;0;Área de serviço;;04105003;São Paulo;Vila Mariana;Rua Doutor Nicolau de Sousa Queirós - de 761/762 ao fim;https://sp.olx.com.br/sao-paulo-e-regiao/imoveis/sao-paulo-apartamento-padrao-vila-mariana-970013138
SAO PAULO - Apartamento Padrão - VILA MARIANA;970013160;Código do anúncio: 142550ML  . Pontos de Interesse mais Próximos:       Metrô VERGUEIRO a 243m.    Ponto de onibus a 85m.    Ciclovia LIBERDADE / VERGUEIRO, com extensão de 233m a uma distância de 62m.    Escola ETAPA III (ENEM: 706.12) a 890m.    Parque ACLIMACAO (Área: 136477m) a 1207m.;16/12;15:05;professional;2459;Apartamentos;Aluguel - apartamento padrão;R$ 350;R$ 90;17m²;1;1;0;Salão de festas, Mobiliado, Academia;Academia, Salão de festas;04101000;São Paulo;Vila Mariana;Rua Vergueiro - de 1291 a 2113 - lado ímpar;https://sp.olx.com.br/sao-paulo-e-regiao/imoveis/sao-paulo-apartamento-padrao-vila-mariana-970013160
SAO PAULO - Apartamento Padrão - ACLIMACAO;970013132;Código do anúncio: 110428ML  Ótimo apartamento com 03 dormitórios, sala para dois ambientes, cozinha com entrada de serviço, quarto e banheiro de empregada, área de serviço, 01 banheiro social e duas vagas de garagem. Imóvel totalmente arejado, com armários embutidos, sala com vista para a tranquila Rua Brás Cubas. Localização privilegiada, ao lado da Av. da Aclimação e do Parque da Aclimação, perto da igreja Nossa Senhora do Carmo da Aclimação, região com faculdades, bancos, hospitais e comércio em geral. Oportunidade para você morar bem. Vale a Pena conhecer!      . Pontos de Interesse mais Próximos:       Metrô PARAISO a 937m.    Ponto de onibus a 29m.    Ciclovia LIBERDADE / VERGUEIRO, com extensão de 233m a uma distância de 877m.    Escola ETAPA III (ENEM: 706.12) a 866m.    Parque ACLIMACAO (Área: 136477m) a 368m.;16/12;15:05;professional;2999;Apartamentos;Aluguel - apartamento padrão;R$ 1.100;R$ 100;114m²;3;2;2;Salão de festas, Área de serviço;Salão de festas;04105061;São Paulo;Vila Mariana;Rua Topázio - de 397/398 a 583/584;https://sp.olx.com.br/sao-paulo-e-regiao/imoveis/sao-paulo-apartamento-padrao-aclimacao-970013132
SÃO PAULO - Apartamento Padrão - VILA CLEMENTINO;970013059;Código do anúncio: 78709ML  Excelente apartamento de 84m², mobiliado, pronto para morar, com 03 dormitórios sendo 01 suíte com banheira, living para 02 ambientes com sacada, 02 vagas de garagem com deposíto. localização privilegiada próximo do parque ibirapuera, Av Sena Madureira e Av.23 de Maio , região com toda infraestrutura de comércio. venha conferir.          . Pontos de Interesse mais Próximos:       Metrô HOSPITAL SAO PAULO a 690m.    Ponto de onibus a 87m.    Ciclovia VILA MARIANA, com extensão de 437m a uma distância de 8m.    Escola POLIEDRO (ENEM: 673.38) a 1121m.    Parque IBIRAPUERA (Área: 1241744m) a 1326m.;16/12;15:05;professional;3499;Apartamentos;Aluguel - apartamento padrão;R$ 1.140;R$ 460;119m²;2;3;2;Salão de festas, Academia, Varanda, Piscina;Piscina, Elevador, Salão de festas, Academia;04021070;São Paulo;Vila Clementino;Largo Senador Raul Cardoso;https://sp.olx.com.br/sao-paulo-e-regiao/imoveis/sao-paulo-apartamento-padrao-vila-clementino-970013059
SAO PAULO - Apartamento Padrão - VILA MARIANA;970013035;Código do anúncio: 111437ML  Ensolarado !Ótima localização original conservado. Com 3 dormitórios, 1 vaga,   Predio com gerador.         . Pontos de Interesse mais Próximos:       Metrô PARAISO a 448m.    Ponto de onibus a 147m.    Ciclovia VILA MARIANA, com extensão de 437m a uma distância de 38m.    Escola ETAPA III (ENEM: 706.12) a 490m.    Parque ACLIMACAO (Área: 136477m) a 1640m.;16/12;15:05;professional;2799;Apartamentos;Aluguel - apartamento padrão;R$ 1.210;R$ 171;104m²;3;2;1;Salão de festas, Academia, Área de serviço;Salão de festas, Academia;04011032;São Paulo;Vila Mariana;Rua Eça de Queiroz - de 351/352 a 589/590;https://sp.olx.com.br/sao-paulo-e-regiao/imoveis/sao-paulo-apartamento-padrao-vila-mariana-970013035
SAO PAULO - Apartamento Padrão - VILA MARIANA;970012953;Código do anúncio: 143267ML  Apartamento nas proximidades do metrô Ana Rosa, com 2 dormitórios e 1 vaga de garagem. Condomínio com área de lazer completa.;16/12;15:05;professional;1999;Apartamentos;Aluguel - apartamento padrão;R$ 802;R$ 228;54m²;2;1;1;Varanda, Salão de festas, Academia;Salão de festas, Academia;04107022;São Paulo;Vila Mariana;Rua Paula Ney - de 601/602 ao fim;https://sp.olx.com.br/sao-paulo-e-regiao/imoveis/sao-paulo-apartamento-padrao-vila-mariana-970012953
SAO PAULO - Apartamento Padrão - VILA MARIANA;970012887;Código do anúncio: 140861ML  . Pontos de Interesse mais Próximos:       Metrô PARAISO a 620m.    Ponto de onibus a 88m.    Ciclovia LIBERDADE / VERGUEIRO, com extensão de 233m a uma distância de 619m.    Escola ETAPA III (ENEM: 706.12) a 501m.    Parque ACLIMACAO (Área: 136477m) a 706m.;16/12;15:05;professional;2999;Apartamentos;Aluguel - apartamento padrão;R$ 610;R$ 56;30m²;1;1;1;Piscina, Academia, Salão de festas, Ar condicionado;Salão de festas, Elevador, Piscina, Academia;04105062;São Paulo;Vila Mariana;Rua Topázio - de 585/586 a 719/720;https://sp.olx.com.br/sao-paulo-e-regiao/imoveis/sao-paulo-apartamento-padrao-vila-mariana-970012887
SAO PAULO - Apartamento Padrão - VILA MARIANA;970012891;Código do anúncio: 144591ML  Apartamento novo, com 2 dormitórios, sala com varanda, cozinha montada e 1 banheiro, sem vaga de garagem. Condomínio com piscina e churrasqueira.;16/12;15:05;professional;2699;Apartamentos;Aluguel - apartamento padrão;R$ 500;R$ 150;46m²;2;1;0;Varanda, Piscina;Piscina;04107001;São Paulo;Vila Mariana;Rua Gaspar Lourenço - de 137/138 ao fim;https://sp.olx.com.br/sao-paulo-e-regiao/imoveis/sao-paulo-apartamento-padrao-vila-mariana-970012891
SAO PAULO - Apartamento Padrão - VILA CLEMENTINO;970012903;Código do anúncio: 143967ML  VAO LIVRE + BANHEIRO. 33 M2, 1 SALA, 1 VAGA, PRÓXIMO A TRANSPORTE PUBLICO E COMÉRCIO EM GERAL.;16/12;15:05;professional;1499;Apartamentos;Aluguel - apartamento padrão;R$ 850;;32m²;1;1;1;;;04023062;São Paulo;Vila Clementino;Rua Botucatu - de 581/582 ao fim;https://sp.olx.com.br/sao-paulo-e-regiao/imoveis/sao-paulo-apartamento-padrao-vila-clementino-970012903
SAO PAULO - Apartamento Padrão - VILA MARIANA;970012863;Código do anúncio: 143390ML  Apartamento bem localizado, ao lado do metrô Ana Rosa, com 2 dormitórios.      . Pontos de Interesse mais Próximos:       Metrô ANA ROSA a 285m.    Ponto de onibus a 14m.    Ciclovia LIBERDADE / VERGUEIRO, com extensão de 233m a uma distância de 16m.    Escola ETAPA III (ENEM: 706.12) a 533m.    Parque ACLIMACAO (Área: 136477m) a 1406m.;16/12;15:05;professional;2199;Apartamentos;Aluguel - apartamento padrão;R$ 470;;69m²;2;1;0;Salão de festas, Academia;Academia, Salão de festas;04010100;São Paulo;Vila Mariana;Rua Domingos de Morais - de 514 a 1236 - lado par;https://sp.olx.com.br/sao-paulo-e-regiao/imoveis/sao-paulo-apartamento-padrao-vila-mariana-970012863
SAO PAULO - Apartamento Padrão - JARDIM VILA MARIANA;970012729;Código do anúncio: 143660ML  Apartamento na chácara Klabin com 2 dormitórios e 1 vaga de garagem. Região nobre. Condomínio com ótima área de lazer.      . Pontos de Interesse mais Próximos:       Metrô SANTOS-IMIGRANTES a 378m.    Ponto de onibus a 142m.    Ciclovia VILA MARIANA, com extensão de 45m a uma distância de 335m.    Escola LICEU PASTEUR UNIDADE VERGUEIRO(ENEM: 620.69) a 760m.    Parque MODERNISTA - CASA MODERNISTA (Área: 12682m) a 1126m.;16/12;15:05;professional;2699;Apartamentos;Aluguel - apartamento padrão;R$ 943;R$ 269;78m²;2;2;1;Salão de festas, Varanda, Piscina, Academia;Academia, Piscina, Salão de festas;04116160;São Paulo;Jardim Vila Mariana;Rua Malebranche;https://sp.olx.com.br/sao-paulo-e-regiao/imoveis/sao-paulo-apartamento-padrao-jardim-vila-mariana-970012729
SÃO PAULO - Apartamento Padrão - VILA CLEMENTINO;970012732;Código do anúncio: 78514ML  Apartamento em ótimo estado, próximo ao metrô Vila Mariana, 01 quarto com piso laminado, sala e cozinha com armários.      . Pontos de Interesse mais Próximos:       Metrô VILA MARIANA a 635m.    Ponto de onibus a 117m.    Ciclovia VILA MARIANA, com extensão de 437m a uma distância de 30m.    Escola POLIEDRO (ENEM: 673.38) a 438m.    Parque MODERNISTA - CASA MODERNISTA (Área: 12682m) a 843m.;16/12;15:05;professional;1399;Apartamentos;Aluguel - apartamento padrão;R$ 397;R$ 44;39m²;1;1;0;;Elevador;04023000;São Paulo;Vila Clementino;Rua Gandavo - até 297/298;https://sp.olx.com.br/sao-paulo-e-regiao/imoveis/sao-paulo-apartamento-padrao-vila-clementino-970012732
SAO PAULO - Apartamento Padrão - VILA MARIANA;970012737;Código do anúncio: 144923ML  Apartamento térreo, totalmente reformado, ao lado do metrô Ana Rosa, com 3 dormitórios e 2 banheiros.;16/12;15:05;professional;3499;Apartamentos;Aluguel - apartamento padrão;R$ 375;R$ 197;94m²;3;2;0;;;04106060;São Paulo;Vila Mariana;Rua Doutor José de Queirós Aranha - até 133/134;https://sp.olx.com.br/sao-paulo-e-regiao/imoveis/sao-paulo-apartamento-padrao-vila-mariana-970012737
